Distance	Confidence
0	0.9913
0.0031	0.9912
0.0062	0.9912
0.0093	0.9911
0.0124	0.991
0.0155	0.9909
0.0186	0.9908
0.0216	0.9908
0.0247	0.9907
0.0278	0.9906
0.0309	0.9905
0.034	0.9905
0.0371	0.9904
0.0402	0.9903
0.0433	0.9902
0.0464	0.9901
0.0495	0.9901
0.0526	0.99
0.0557	0.9899
0.0588	0.9898
0.0618	0.9898
0.0649	0.9897
0.068	0.9896
0.0711	0.9895
0.0742	0.9894
0.0773	0.9894
0.0804	0.9893
0.0835	0.9892
0.0866	0.9891
0.0897	0.9891
0.0928	0.989
0.0959	0.9889
0.0989	0.9888
0.102	0.9887
0.1051	0.9887
0.1082	0.9886
0.1113	0.9885
0.1144	0.9884
0.1175	0.9884
0.1206	0.9883
0.1237	0.9882
0.1268	0.9881
0.1299	0.9881
0.133	0.988
0.1361	0.9879
0.1391	0.9878
0.1422	0.9878
0.1453	0.9877
0.1484	0.9876
0.1515	0.9875
0.1546	0.9875
0.1577	0.9874
0.1608	0.9873
0.1639	0.9872
0.167	0.9872
0.1701	0.9871
0.1732	0.987
0.1763	0.9869
0.1793	0.9869
0.1824	0.9868
0.1855	0.9867
0.1886	0.9866
0.1917	0.9866
0.1948	0.9865
0.1979	0.9864
0.201	0.9863
0.2041	0.9863
0.2072	0.9862
0.2103	0.9861
0.2134	0.9861
0.2164	0.986
0.2195	0.9859
0.2226	0.9858
0.2257	0.9858
0.2288	0.9857
0.2319	0.9856
0.235	0.9856
0.2381	0.9855
0.2412	0.9854
0.2443	0.9854
0.2474	0.9853
0.2505	0.9852
0.2536	0.9851
0.2566	0.9851
0.2597	0.985
0.2628	0.9849
0.2659	0.9849
0.269	0.9848
0.2721	0.9847
0.2752	0.9847
0.2783	0.9846
0.2814	0.9845
0.2845	0.9845
0.2876	0.9844
0.2907	0.9843
0.2938	0.9843
0.2968	0.9842
0.2999	0.9841
0.303	0.9841
0.3061	0.984
0.3092	0.9839
0.3123	0.9839
0.3154	0.9838
0.3185	0.9837
0.3216	0.9837
0.3247	0.9836
0.3278	0.9835
0.3309	0.9835
0.3339	0.9834
0.337	0.9833
0.3401	0.9833
0.3432	0.9832
0.3463	0.9831
0.3494	0.9831
0.3525	0.983
0.3556	0.983
0.3587	0.9829
0.3618	0.9828
0.3649	0.9828
0.368	0.9827
0.3711	0.9826
0.3741	0.9826
0.3772	0.9825
0.3803	0.9824
0.3834	0.9824
0.3865	0.9823
0.3896	0.9823
0.3927	0.9822
0.3958	0.9821
0.3989	0.9821
0.402	0.982
0.4051	0.9819
0.4082	0.9819
0.4113	0.9818
0.4143	0.9817
0.4174	0.9817
0.4205	0.9816
0.4236	0.9816
0.4267	0.9815
0.4298	0.9814
0.4329	0.9814
0.436	0.9813
0.4391	0.9812
0.4422	0.9812
0.4453	0.9811
0.4484	0.981
0.4514	0.981
0.4545	0.9809
0.4576	0.9808
0.4607	0.9808
0.4638	0.9807
0.4669	0.9807
0.47	0.9806
0.4731	0.9805
0.4762	0.9805
0.4793	0.9804
0.4824	0.9803
0.4855	0.9803
0.4886	0.9802
0.4916	0.9801
0.4947	0.9801
0.4978	0.98
0.5009	0.9799
0.504	0.9799
0.5071	0.9798
0.5102	0.9797
0.5133	0.9797
0.5164	0.9796
0.5195	0.9795
0.5226	0.9795
0.5257	0.9794
0.5288	0.9793
0.5318	0.9793
0.5349	0.9792
0.538	0.9791
0.5411	0.9791
0.5442	0.979
0.5473	0.9789
0.5504	0.9788
0.5535	0.9788
0.5566	0.9787
0.5597	0.9786
0.5628	0.9786
0.5659	0.9785
0.5689	0.9784
0.572	0.9784
0.5751	0.9783
0.5782	0.9782
0.5813	0.9781
0.5844	0.9781
0.5875	0.978
0.5906	0.9779
0.5937	0.9778
0.5968	0.9778
0.5999	0.9777
0.603	0.9776
0.6061	0.9775
0.6091	0.9775
0.6122	0.9774
0.6153	0.9773
0.6184	0.9772
0.6215	0.9772
0.6246	0.9771
0.6277	0.977
0.6308	0.9769
0.6339	0.9768
0.637	0.9768
0.6401	0.9767
0.6432	0.9766
0.6463	0.9765
0.6493	0.9764
0.6524	0.9764
0.6555	0.9763
0.6586	0.9762
0.6617	0.9761
0.6648	0.976
0.6679	0.9759
0.671	0.9759
0.6741	0.9758
0.6772	0.9757
0.6803	0.9756
0.6834	0.9755
0.6864	0.9754
0.6895	0.9753
0.6926	0.9753
0.6957	0.9752
0.6988	0.9751
0.7019	0.975
0.705	0.9749
0.7081	0.9748
0.7112	0.9747
0.7143	0.9746
0.7174	0.9745
0.7205	0.9744
0.7236	0.9744
0.7266	0.9743
0.7297	0.9742
0.7328	0.9741
0.7359	0.974
0.739	0.9739
0.7421	0.9738
0.7452	0.9737
0.7483	0.9736
0.7514	0.9735
0.7545	0.9734
0.7576	0.9733
0.7607	0.9732
0.7638	0.9731
0.7668	0.973
0.7699	0.9729
0.773	0.9728
0.7761	0.9727
0.7792	0.9726
0.7823	0.9725
0.7854	0.9724
0.7885	0.9723
0.7916	0.9722
0.7947	0.9721
0.7978	0.9719
0.8009	0.9718
0.8039	0.9717
0.807	0.9716
0.8101	0.9715
0.8132	0.9714
0.8163	0.9713
0.8194	0.9712
0.8225	0.9711
0.8256	0.971
0.8287	0.9708
0.8318	0.9707
0.8349	0.9706
0.838	0.9705
0.8411	0.9704
0.8441	0.9703
0.8472	0.9701
0.8503	0.97
0.8534	0.9699
0.8565	0.9698
0.8596	0.9697
0.8627	0.9695
0.8658	0.9694
0.8689	0.9693
0.872	0.9692
0.8751	0.969
0.8782	0.9689
0.8813	0.9688
0.8843	0.9687
0.8874	0.9685
0.8905	0.9684
0.8936	0.9683
0.8967	0.9681
0.8998	0.968
0.9029	0.9679
0.906	0.9677
0.9091	0.9676
0.9122	0.9675
0.9153	0.9673
0.9184	0.9672
0.9214	0.9671
0.9245	0.9669
0.9276	0.9668
0.9307	0.9666
0.9338	0.9665
0.9369	0.9663
0.94	0.9662
0.9431	0.9661
0.9462	0.9659
0.9493	0.9658
0.9524	0.9656
0.9555	0.9655
0.9586	0.9653
0.9616	0.9652
0.9647	0.965
0.9678	0.9649
0.9709	0.9647
0.974	0.9646
0.9771	0.9644
0.9802	0.9643
0.9833	0.9641
0.9864	0.9639
0.9895	0.9638
0.9926	0.9636
0.9957	0.9635
0.9988	0.9633
1.0018	0.9631
1.0049	0.963
1.008	0.9628
1.0111	0.9626
1.0142	0.9625
1.0173	0.9623
1.0204	0.9621
1.0235	0.962
1.0266	0.9618
1.0297	0.9616
1.0328	0.9614
1.0359	0.9613
1.0389	0.9611
1.042	0.9609
1.0451	0.9607
1.0482	0.9606
1.0513	0.9604
1.0544	0.9602
1.0575	0.96
1.0606	0.9598
1.0637	0.9596
1.0668	0.9595
1.0699	0.9593
1.073	0.9591
1.0761	0.9589
1.0791	0.9587
1.0822	0.9585
1.0853	0.9583
1.0884	0.9581
1.0915	0.9579
1.0946	0.9577
1.0977	0.9575
1.1008	0.9573
1.1039	0.9571
1.107	0.9569
1.1101	0.9567
1.1132	0.9565
1.1163	0.9563
1.1193	0.9561
1.1224	0.9559
1.1255	0.9557
1.1286	0.9555
1.1317	0.9553
1.1348	0.955
1.1379	0.9548
1.141	0.9546
1.1441	0.9544
1.1472	0.9542
1.1503	0.9539
1.1534	0.9537
1.1564	0.9535
1.1595	0.9533
1.1626	0.9531
1.1657	0.9528
1.1688	0.9526
1.1719	0.9524
1.175	0.9521
1.1781	0.9519
1.1812	0.9517
1.1843	0.9514
1.1874	0.9512
1.1905	0.951
1.1936	0.9507
1.1966	0.9505
1.1997	0.9502
1.2028	0.95
1.2059	0.9497
1.209	0.9495
1.2121	0.9492
1.2152	0.949
1.2183	0.9487
1.2214	0.9485
1.2245	0.9482
1.2276	0.948
1.2307	0.9477
1.2338	0.9475
1.2368	0.9472
1.2399	0.9469
1.243	0.9467
1.2461	0.9464
1.2492	0.9461
1.2523	0.9459
1.2554	0.9456
1.2585	0.9453
1.2616	0.9451
1.2647	0.9448
1.2678	0.9445
1.2709	0.9442
1.274	0.9439
1.277	0.9437
1.2801	0.9434
1.2832	0.9431
1.2863	0.9428
1.2894	0.9425
1.2925	0.9422
1.2956	0.9419
1.2987	0.9417
1.3018	0.9414
1.3049	0.9411
1.308	0.9408
1.3111	0.9405
1.3141	0.9402
1.3172	0.9399
1.3203	0.9396
1.3234	0.9393
1.3265	0.9389
1.3296	0.9386
1.3327	0.9383
1.3358	0.938
1.3389	0.9377
1.342	0.9374
1.3451	0.9371
1.3482	0.9368
1.3513	0.9364
1.3543	0.9361
1.3574	0.9358
1.3605	0.9355
1.3636	0.9351
1.3667	0.9348
1.3698	0.9345
1.3729	0.9341
1.376	0.9338
1.3791	0.9335
1.3822	0.9331
1.3853	0.9328
1.3884	0.9325
1.3915	0.9321
1.3945	0.9318
1.3976	0.9314
1.4007	0.9311
1.4038	0.9307
1.4069	0.9304
1.41	0.93
1.4131	0.9297
1.4162	0.9293
1.4193	0.929
1.4224	0.9286
1.4255	0.9282
1.4286	0.9279
1.4316	0.9275
1.4347	0.9272
1.4378	0.9268
1.4409	0.9264
1.444	0.926
1.4471	0.9257
1.4502	0.9253
1.4533	0.9249
1.4564	0.9245
1.4595	0.9241
1.4626	0.9238
1.4657	0.9234
1.4688	0.923
1.4718	0.9226
1.4749	0.9222
1.478	0.9218
1.4811	0.9214
1.4842	0.921
1.4873	0.9206
1.4904	0.9202
1.4935	0.9198
1.4966	0.9194
1.4997	0.919
1.5028	0.9186
1.5059	0.9182
1.509	0.9178
1.512	0.9174
1.5151	0.917
1.5182	0.9166
1.5213	0.9162
1.5244	0.9157
1.5275	0.9153
1.5306	0.9149
1.5337	0.9145
1.5368	0.914
1.5399	0.9136
1.543	0.9132
1.5461	0.9128
1.5491	0.9123
1.5522	0.9119
1.5553	0.9115
1.5584	0.911
1.5615	0.9106
1.5646	0.9101
1.5677	0.9097
1.5708	0.9092
1.5739	0.9088
1.577	0.9083
1.5801	0.9079
1.5832	0.9074
1.5863	0.907
1.5893	0.9065
1.5924	0.9061
1.5955	0.9056
1.5986	0.9051
1.6017	0.9047
1.6048	0.9042
1.6079	0.9037
1.611	0.9033
1.6141	0.9028
1.6172	0.9023
1.6203	0.9018
1.6234	0.9013
1.6265	0.9009
1.6295	0.9004
1.6326	0.8999
1.6357	0.8994
1.6388	0.8989
1.6419	0.8984
1.645	0.8979
1.6481	0.8974
1.6512	0.8969
1.6543	0.8964
1.6574	0.8959
1.6605	0.8954
1.6636	0.8949
1.6666	0.8944
1.6697	0.8939
1.6728	0.8934
1.6759	0.8929
1.679	0.8924
1.6821	0.8919
1.6852	0.8913
1.6883	0.8908
1.6914	0.8903
1.6945	0.8898
1.6976	0.8892
1.7007	0.8887
1.7038	0.8882
1.7068	0.8877
1.7099	0.8871
1.713	0.8866
1.7161	0.886
1.7192	0.8855
1.7223	0.885
1.7254	0.8844
1.7285	0.8839
1.7316	0.8833
1.7347	0.8828
1.7378	0.8822
1.7409	0.8816
1.744	0.8811
1.747	0.8805
1.7501	0.88
1.7532	0.8794
1.7563	0.8788
1.7594	0.8783
1.7625	0.8777
1.7656	0.8771
1.7687	0.8765
1.7718	0.876
1.7749	0.8754
1.778	0.8748
1.7811	0.8742
1.7841	0.8737
1.7872	0.8731
1.7903	0.8725
1.7934	0.8719
1.7965	0.8713
1.7996	0.8707
1.8027	0.8701
1.8058	0.8695
1.8089	0.8689
1.812	0.8683
1.8151	0.8677
1.8182	0.8671
1.8213	0.8665
1.8243	0.8659
1.8274	0.8652
1.8305	0.8646
1.8336	0.864
1.8367	0.8634
1.8398	0.8628
1.8429	0.8621
1.846	0.8615
1.8491	0.8609
1.8522	0.8602
1.8553	0.8596
1.8584	0.859
1.8615	0.8583
1.8645	0.8577
1.8676	0.8571
1.8707	0.8564
1.8738	0.8558
1.8769	0.8551
1.88	0.8545
1.8831	0.8538
1.8862	0.8532
1.8893	0.8525
1.8924	0.8519
1.8955	0.8512
1.8986	0.8505
1.9016	0.8499
1.9047	0.8492
1.9078	0.8486
1.9109	0.8479
1.914	0.8472
1.9171	0.8465
1.9202	0.8459
1.9233	0.8452
1.9264	0.8445
1.9295	0.8438
1.9326	0.8431
1.9357	0.8425
1.9388	0.8418
1.9418	0.8411
1.9449	0.8404
1.948	0.8397
1.9511	0.839
1.9542	0.8383
1.9573	0.8376
1.9604	0.8369
1.9635	0.8362
1.9666	0.8355
1.9697	0.8348
1.9728	0.8341
1.9759	0.8334
1.979	0.8327
1.982	0.832
1.9851	0.8312
1.9882	0.8305
1.9913	0.8298
1.9944	0.8291
1.9975	0.8284
2.0006	0.8276
2.0037	0.8269
2.0068	0.8262
2.0099	0.8254
2.013	0.8247
2.0161	0.824
2.0191	0.8233
2.0222	0.8225
2.0253	0.8218
2.0284	0.821
2.0315	0.8203
2.0346	0.8196
2.0377	0.8188
2.0408	0.8181
2.0439	0.8173
2.047	0.8165
2.0501	0.8158
2.0532	0.815
2.0563	0.8143
2.0593	0.8135
2.0624	0.8128
2.0655	0.812
2.0686	0.8113
2.0717	0.8105
2.0748	0.8097
2.0779	0.809
2.081	0.8082
2.0841	0.8074
2.0872	0.8066
2.0903	0.8059
2.0934	0.8051
2.0965	0.8043
2.0995	0.8036
2.1026	0.8028
2.1057	0.802
2.1088	0.8012
2.1119	0.8004
2.115	0.7996
2.1181	0.7988
2.1212	0.7981
2.1243	0.7973
2.1274	0.7965
2.1305	0.7957
2.1336	0.7949
2.1366	0.7941
2.1397	0.7933
2.1428	0.7925
2.1459	0.7917
2.149	0.7909
2.1521	0.7901
2.1552	0.7893
2.1583	0.7885
2.1614	0.7877
2.1645	0.7869
2.1676	0.7861
2.1707	0.7853
2.1738	0.7844
2.1768	0.7837
2.1799	0.7828
2.183	0.782
2.1861	0.7812
2.1892	0.7804
2.1923	0.7796
2.1954	0.7788
2.1985	0.7779
2.2016	0.7771
2.2047	0.7763
2.2078	0.7755
2.2109	0.7746
2.214	0.7738
2.217	0.773
2.2201	0.7722
2.2232	0.7713
2.2263	0.7705
2.2294	0.7697
2.2325	0.7689
2.2356	0.768
2.2387	0.7672
2.2418	0.7663
2.2449	0.7655
2.248	0.7647
2.2511	0.7638
2.2541	0.763
2.2572	0.7622
2.2603	0.7613
2.2634	0.7605
2.2665	0.7597
2.2696	0.7588
2.2727	0.758
2.2758	0.7571
2.2789	0.7563
2.282	0.7554
2.2851	0.7546
2.2882	0.7537
2.2913	0.7529
2.2943	0.752
2.2974	0.7512
2.3005	0.7503
2.3036	0.7495
2.3067	0.7486
2.3098	0.7478
2.3129	0.7469
2.316	0.7461
2.3191	0.7452
2.3222	0.7444
2.3253	0.7435
2.3284	0.7426
2.3315	0.7418
2.3345	0.7409
2.3376	0.7401
2.3407	0.7392
2.3438	0.7384
2.3469	0.7375
2.35	0.7366
2.3531	0.7358
2.3562	0.7349
2.3593	0.734
2.3624	0.7332
2.3655	0.7323
2.3686	0.7314
2.3716	0.7306
2.3747	0.7297
2.3778	0.7289
2.3809	0.728
2.384	0.7271
2.3871	0.7262
2.3902	0.7254
2.3933	0.7245
2.3964	0.7236
2.3995	0.7228
2.4026	0.7219
2.4057	0.721
2.4088	0.7201
2.4118	0.7193
2.4149	0.7184
2.418	0.7175
2.4211	0.7167
2.4242	0.7158
2.4273	0.7149
2.4304	0.714
2.4335	0.7131
2.4366	0.7123
2.4397	0.7114
2.4428	0.7105
2.4459	0.7096
2.449	0.7087
2.452	0.7079
2.4551	0.707
2.4582	0.7061
2.4613	0.7052
2.4644	0.7044
2.4675	0.7035
2.4706	0.7026
2.4737	0.7017
2.4768	0.7008
2.4799	0.6999
2.483	0.6991
2.4861	0.6982
2.4892	0.6973
2.4922	0.6964
2.4953	0.6955
2.4984	0.6946
2.5015	0.6938
2.5046	0.6929
2.5077	0.692
2.5108	0.6911
2.5139	0.6902
2.517	0.6893
2.5201	0.6884
2.5232	0.6875
2.5263	0.6866
2.5293	0.6858
2.5324	0.6849
2.5355	0.684
2.5386	0.6831
2.5417	0.6822
2.5448	0.6813
2.5479	0.6804
2.551	0.6795
2.5541	0.6786
2.5572	0.6777
2.5603	0.6768
2.5634	0.676
2.5665	0.6751
2.5695	0.6742
2.5726	0.6733
2.5757	0.6724
2.5788	0.6715
2.5819	0.6706
2.585	0.6697
2.5881	0.6688
2.5912	0.6679
2.5943	0.667
2.5974	0.6661
2.6005	0.6652
2.6036	0.6643
2.6067	0.6634
2.6097	0.6625
2.6128	0.6616
2.6159	0.6607
2.619	0.6598
2.6221	0.6589
2.6252	0.658
2.6283	0.6571
2.6314	0.6562
2.6345	0.6553
2.6376	0.6544
2.6407	0.6535
2.6438	0.6526
2.6468	0.6518
2.6499	0.6509
2.653	0.65
2.6561	0.6491
2.6592	0.6481
2.6623	0.6472
2.6654	0.6463
2.6685	0.6454
2.6716	0.6445
2.6747	0.6436
2.6778	0.6427
2.6809	0.6418
2.684	0.6409
2.687	0.64
2.6901	0.6391
2.6932	0.6382
2.6963	0.6373
2.6994	0.6364
2.7025	0.6355
2.7056	0.6346
2.7087	0.6337
2.7118	0.6328
2.7149	0.6319
2.718	0.631
2.7211	0.6301
2.7242	0.6292
2.7272	0.6283
2.7303	0.6274
2.7334	0.6265
2.7365	0.6256
2.7396	0.6246
2.7427	0.6237
2.7458	0.6228
2.7489	0.6219
2.752	0.621
2.7551	0.6201
2.7582	0.6192
2.7613	0.6183
2.7643	0.6174
2.7674	0.6165
2.7705	0.6156
2.7736	0.6147
2.7767	0.6138
2.7798	0.6129
2.7829	0.6119
2.786	0.611
2.7891	0.6101
2.7922	0.6092
2.7953	0.6083
2.7984	0.6074
2.8015	0.6065
2.8045	0.6056
2.8076	0.6047
2.8107	0.6038
2.8138	0.6029
2.8169	0.602
2.82	0.6011
2.8231	0.6002
2.8262	0.5992
2.8293	0.5983
2.8324	0.5974
2.8355	0.5965
2.8386	0.5956
2.8417	0.5947
2.8447	0.5938
2.8478	0.5929
2.8509	0.592
2.854	0.5911
2.8571	0.5902
2.8602	0.5893
2.8633	0.5884
2.8664	0.5875
2.8695	0.5866
2.8726	0.5856
2.8757	0.5847
2.8788	0.5838
2.8818	0.583
2.8849	0.582
2.888	0.5811
2.8911	0.5802
2.8942	0.5793
2.8973	0.5784
2.9004	0.5775
2.9035	0.5766
2.9066	0.5757
2.9097	0.5748
2.9128	0.5739
2.9159	0.573
2.919	0.5721
2.922	0.5712
2.9251	0.5703
2.9282	0.5694
2.9313	0.5685
2.9344	0.5676
2.9375	0.5667
2.9406	0.5658
2.9437	0.5649
2.9468	0.564
2.9499	0.5631
2.953	0.5622
2.9561	0.5613
2.9592	0.5604
2.9622	0.5595
2.9653	0.5586
2.9684	0.5577
2.9715	0.5568
2.9746	0.5559
2.9777	0.555
2.9808	0.5541
2.9839	0.5532
2.987	0.5523
2.9901	0.5514
2.9932	0.5505
2.9963	0.5496
2.9993	0.5488
3.0024	0.5479
3.0055	0.547
3.0086	0.5461
3.0117	0.5452
3.0148	0.5443
3.0179	0.5434
3.021	0.5425
3.0241	0.5416
3.0272	0.5407
3.0303	0.5398
3.0334	0.5389
3.0365	0.538
3.0395	0.5372
3.0426	0.5363
3.0457	0.5354
3.0488	0.5345
3.0519	0.5336
3.055	0.5327
3.0581	0.5319
3.0612	0.531
3.0643	0.5301
3.0674	0.5292
3.0705	0.5283
3.0736	0.5274
3.0767	0.5265
3.0797	0.5257
3.0828	0.5248
3.0859	0.5239
3.089	0.523
3.0921	0.5222
3.0952	0.5213
3.0983	0.5204
3.1014	0.5195
3.1045	0.5186
3.1076	0.5178
3.1107	0.5169
3.1138	0.516
3.1168	0.5152
3.1199	0.5143
3.123	0.5134
3.1261	0.5125
3.1292	0.5117
3.1323	0.5108
3.1354	0.5099
3.1385	0.5091
3.1416	0.5082
3.1447	0.5073
3.1478	0.5064
3.1509	0.5056
3.154	0.5047
3.157	0.5039
3.1601	0.503
3.1632	0.5021
3.1663	0.5013
3.1694	0.5004
3.1725	0.4995
3.1756	0.4987
3.1787	0.4978
3.1818	0.4969
3.1849	0.4961
3.188	0.4952
3.1911	0.4944
3.1942	0.4935
3.1972	0.4927
3.2003	0.4918
3.2034	0.491
3.2065	0.4901
3.2096	0.4892
3.2127	0.4884
3.2158	0.4875
3.2189	0.4867
3.222	0.4858
3.2251	0.485
3.2282	0.4841
3.2313	0.4833
3.2343	0.4824
3.2374	0.4816
3.2405	0.4807
3.2436	0.4799
3.2467	0.479
3.2498	0.4782
3.2529	0.4773
3.256	0.4765
3.2591	0.4756
3.2622	0.4748
3.2653	0.4739
3.2684	0.4731
3.2715	0.4723
3.2745	0.4714
3.2776	0.4706
3.2807	0.4697
3.2838	0.4689
3.2869	0.4681
3.29	0.4672
3.2931	0.4664
3.2962	0.4655
3.2993	0.4647
3.3024	0.4639
3.3055	0.463
3.3086	0.4622
3.3117	0.4614
3.3147	0.4605
3.3178	0.4597
3.3209	0.4589
3.324	0.458
3.3271	0.4572
3.3302	0.4564
3.3333	0.4555
3.3364	0.4547
3.3395	0.4539
3.3426	0.453
3.3457	0.4522
3.3488	0.4514
3.3518	0.4506
3.3549	0.4498
3.358	0.4489
3.3611	0.4481
3.3642	0.4473
3.3673	0.4464
3.3704	0.4456
3.3735	0.4448
3.3766	0.444
3.3797	0.4431
3.3828	0.4423
3.3859	0.4415
3.389	0.4407
3.392	0.4399
3.3951	0.439
3.3982	0.4382
3.4013	0.4374
3.4044	0.4366
3.4075	0.4358
3.4106	0.4349
3.4137	0.4341
3.4168	0.4333
3.4199	0.4325
3.423	0.4317
3.4261	0.4308
3.4292	0.43
3.4322	0.4292
3.4353	0.4284
3.4384	0.4276
3.4415	0.4268
3.4446	0.426
3.4477	0.4252
3.4508	0.4243
3.4539	0.4235
3.457	0.4227
3.4601	0.4219
3.4632	0.4211
3.4663	0.4203
3.4693	0.4195
3.4724	0.4187
3.4755	0.4179
3.4786	0.4171
3.4817	0.4163
3.4848	0.4154
3.4879	0.4146
3.491	0.4138
3.4941	0.413
3.4972	0.4122
3.5003	0.4114
3.5034	0.4106
3.5065	0.4098
3.5095	0.409
3.5126	0.4082
3.5157	0.4074
3.5188	0.4066
3.5219	0.4058
3.525	0.405
3.5281	0.4042
3.5312	0.4034
3.5343	0.4026
3.5374	0.4018
3.5405	0.401
3.5436	0.4002
3.5467	0.3994
3.5497	0.3986
3.5528	0.3978
3.5559	0.397
3.559	0.3962
3.5621	0.3954
3.5652	0.3946
3.5683	0.3938
3.5714	0.393
3.5745	0.3922
3.5776	0.3914
3.5807	0.3906
3.5838	0.3898
3.5868	0.389
3.5899	0.3882
3.593	0.3874
3.5961	0.3866
3.5992	0.3858
3.6023	0.385
3.6054	0.3842
3.6085	0.3834
3.6116	0.3826
3.6147	0.3818
3.6178	0.381
3.6209	0.3802
3.624	0.3794
3.627	0.3786
3.6301	0.3778
3.6332	0.377
3.6363	0.3762
3.6394	0.3755
3.6425	0.3747
3.6456	0.3739
3.6487	0.3731
3.6518	0.3723
3.6549	0.3715
3.658	0.3707
3.6611	0.3699
3.6642	0.3691
3.6672	0.3683
3.6703	0.3675
3.6734	0.3667
3.6765	0.3659
3.6796	0.3651
3.6827	0.3643
3.6858	0.3635
3.6889	0.3627
3.692	0.362
3.6951	0.3612
3.6982	0.3604
3.7013	0.3596
3.7044	0.3588
3.7074	0.358
3.7105	0.3572
3.7136	0.3564
3.7167	0.3556
3.7198	0.3548
3.7229	0.354
3.726	0.3532
3.7291	0.3524
3.7322	0.3516
3.7353	0.3508
3.7384	0.3501
3.7415	0.3493
3.7445	0.3485
3.7476	0.3477
3.7507	0.3469
3.7538	0.3461
3.7569	0.3453
3.76	0.3445
3.7631	0.3437
3.7662	0.3429
3.7693	0.3421
3.7724	0.3413
3.7755	0.3405
3.7786	0.3397
3.7817	0.3389
3.7847	0.3382
3.7878	0.3374
3.7909	0.3366
3.794	0.3358
3.7971	0.335
3.8002	0.3342
3.8033	0.3334
3.8064	0.3326
3.8095	0.3318
3.8126	0.331
3.8157	0.3302
3.8188	0.3294
3.8219	0.3286
3.8249	0.3278
3.828	0.327
3.8311	0.3262
3.8342	0.3254
3.8373	0.3246
3.8404	0.3238
3.8435	0.323
3.8466	0.3222
3.8497	0.3214
3.8528	0.3206
3.8559	0.3198
3.859	0.319
3.862	0.3182
3.8651	0.3174
3.8682	0.3166
3.8713	0.3158
3.8744	0.315
3.8775	0.3142
3.8806	0.3134
3.8837	0.3126
3.8868	0.3118
3.8899	0.311
3.893	0.3102
3.8961	0.3093
3.8992	0.3085
3.9022	0.3078
3.9053	0.3069
3.9084	0.3061
3.9115	0.3053
3.9146	0.3045
3.9177	0.3037
3.9208	0.3029
3.9239	0.3021
3.927	0.3013
3.9301	0.3005
3.9332	0.2996
3.9363	0.2988
3.9394	0.298
3.9424	0.2972
3.9455	0.2964
3.9486	0.2956
3.9517	0.2948
3.9548	0.294
3.9579	0.2931
3.961	0.2923
3.9641	0.2915
3.9672	0.2907
3.9703	0.2899
3.9734	0.289
3.9765	0.2882
3.9795	0.2874
3.9826	0.2866
3.9857	0.2858
3.9888	0.285
3.9919	0.2841
3.995	0.2833
3.9981	0.2825
4.0012	0.2817
4.0043	0.2808
4.0074	0.28
4.0105	0.2792
4.0136	0.2784
4.0167	0.2775
4.0197	0.2767
4.0228	0.2759
4.0259	0.2751
4.029	0.2742
4.0321	0.2734
4.0352	0.2726
4.0383	0.2717
4.0414	0.2709
4.0445	0.2701
4.0476	0.2692
4.0507	0.2684
4.0538	0.2676
4.0569	0.2667
4.0599	0.2659
4.063	0.2651
4.0661	0.2642
4.0692	0.2634
4.0723	0.2626
4.0754	0.2617
4.0785	0.2609
4.0816	0.2601
4.0847	0.2592
4.0878	0.2584
4.0909	0.2575
4.094	0.2567
4.097	0.2559
4.1001	0.255
4.1032	0.2542
4.1063	0.2533
4.1094	0.2525
4.1125	0.2517
4.1156	0.2508
4.1187	0.25
4.1218	0.2491
4.1249	0.2483
4.128	0.2474
4.1311	0.2466
4.1342	0.2457
4.1372	0.2449
4.1403	0.2441
4.1434	0.2432
4.1465	0.2424
4.1496	0.2415
4.1527	0.2407
4.1558	0.2398
4.1589	0.239
4.162	0.2381
4.1651	0.2373
4.1682	0.2364
4.1713	0.2355
4.1744	0.2347
4.1774	0.2339
4.1805	0.233
4.1836	0.2322
4.1867	0.2313
4.1898	0.2305
4.1929	0.2296
4.196	0.2287
4.1991	0.2279
4.2022	0.227
4.2053	0.2262
4.2084	0.2253
4.2115	0.2245
4.2145	0.2236
4.2176	0.2228
4.2207	0.2219
4.2238	0.2211
4.2269	0.2202
4.23	0.2194
4.2331	0.2185
4.2362	0.2176
4.2393	0.2168
4.2424	0.2159
4.2455	0.2151
4.2486	0.2142
4.2517	0.2134
4.2547	0.2125
4.2578	0.2117
4.2609	0.2108
4.264	0.21
4.2671	0.2091
4.2702	0.2082
4.2733	0.2074
4.2764	0.2065
4.2795	0.2057
4.2826	0.2048
4.2857	0.204
4.2888	0.2031
4.2919	0.2023
4.2949	0.2014
4.298	0.2006
4.3011	0.1997
4.3042	0.1989
4.3073	0.198
4.3104	0.1971
4.3135	0.1963
4.3166	0.1954
4.3197	0.1946
4.3228	0.1937
4.3259	0.1929
4.329	0.192
4.332	0.1912
4.3351	0.1903
4.3382	0.1895
4.3413	0.1886
4.3444	0.1878
4.3475	0.1869
4.3506	0.1861
4.3537	0.1852
4.3568	0.1844
4.3599	0.1835
4.363	0.1827
4.3661	0.1818
4.3692	0.181
4.3722	0.1802
4.3753	0.1793
4.3784	0.1785
4.3815	0.1776
4.3846	0.1768
4.3877	0.176
4.3908	0.1751
4.3939	0.1743
4.397	0.1734
4.4001	0.1726
4.4032	0.1717
4.4063	0.1709
4.4094	0.1701
4.4124	0.1693
4.4155	0.1684
4.4186	0.1676
4.4217	0.1667
4.4248	0.1659
4.4279	0.1651
4.431	0.1642
4.4341	0.1634
4.4372	0.1626
4.4403	0.1617
4.4434	0.1609
4.4465	0.1601
4.4495	0.1593
4.4526	0.1584
4.4557	0.1576
4.4588	0.1568
4.4619	0.156
4.465	0.1551
4.4681	0.1543
4.4712	0.1535
4.4743	0.1527
4.4774	0.1518
4.4805	0.151
4.4836	0.1502
4.4867	0.1494
4.4897	0.1486
4.4928	0.1478
4.4959	0.147
4.499	0.1461
4.5021	0.1453
4.5052	0.1445
4.5083	0.1437
4.5114	0.1429
4.5145	0.1421
4.5176	0.1413
4.5207	0.1405
4.5238	0.1397
4.5269	0.1389
4.5299	0.1381
4.533	0.1373
4.5361	0.1365
4.5392	0.1357
4.5423	0.1349
4.5454	0.1341
4.5485	0.1333
4.5516	0.1325
4.5547	0.1317
4.5578	0.1309
4.5609	0.1301
4.564	0.1294
4.567	0.1286
4.5701	0.1278
4.5732	0.127
4.5763	0.1262
4.5794	0.1255
4.5825	0.1247
4.5856	0.1239
4.5887	0.1231
4.5918	0.1223
4.5949	0.1216
4.598	0.1208
4.6011	0.12
4.6042	0.1193
4.6072	0.1185
4.6103	0.1177
4.6134	0.117
4.6165	0.1162
4.6196	0.1155
4.6227	0.1147
4.6258	0.1139
4.6289	0.1132
4.632	0.1124
4.6351	0.1117
4.6382	0.1109
4.6413	0.1102
4.6444	0.1094
4.6474	0.1087
4.6505	0.108
4.6536	0.1072
4.6567	0.1065
4.6598	0.1057
4.6629	0.105
4.666	0.1043
4.6691	0.1035
4.6722	0.1028
4.6753	0.1021
4.6784	0.1014
4.6815	0.1006
4.6845	0.0999
4.6876	0.0992
4.6907	0.0985
4.6938	0.0978
4.6969	0.0971
4.7	0.0963
4.7031	0.0956
4.7062	0.0949
4.7093	0.0942
4.7124	0.0935
4.7155	0.0928
4.7186	0.0921
4.7217	0.0914
4.7247	0.0907
4.7278	0.09
4.7309	0.0894
4.734	0.0887
4.7371	0.088
4.7402	0.0873
4.7433	0.0866
4.7464	0.0859
4.7495	0.0853
4.7526	0.0846
4.7557	0.0839
4.7588	0.0832
4.7619	0.0826
4.7649	0.0819
4.768	0.0813
4.7711	0.0806
4.7742	0.0799
4.7773	0.0793
4.7804	0.0786
4.7835	0.078
4.7866	0.0773
4.7897	0.0767
4.7928	0.076
4.7959	0.0754
4.799	0.0748
4.802	0.0742
4.8051	0.0735
4.8082	0.0729
4.8113	0.0723
4.8144	0.0716
4.8175	0.071
4.8206	0.0704
4.8237	0.0698
4.8268	0.0692
4.8299	0.0686
4.833	0.068
4.8361	0.0673
4.8392	0.0667
4.8422	0.0662
4.8453	0.0656
4.8484	0.065
4.8515	0.0644
4.8546	0.0638
4.8577	0.0632
4.8608	0.0626
4.8639	0.062
4.867	0.0615
4.8701	0.0609
4.8732	0.0603
4.8763	0.0598
4.8794	0.0592
4.8824	0.0587
4.8855	0.0581
4.8886	0.0575
4.8917	0.057
4.8948	0.0564
4.8979	0.0559
4.901	0.0553
4.9041	0.0548
4.9072	0.0543
4.9103	0.0537
4.9134	0.0532
4.9165	0.0527
4.9196	0.0522
4.9226	0.0516
4.9257	0.0511
4.9288	0.0506
4.9319	0.0501
4.935	0.0496
4.9381	0.0491
4.9412	0.0486
4.9443	0.0481
4.9474	0.0476
4.9505	0.0471
4.9536	0.0466
4.9567	0.0461
4.9597	0.0456
4.9628	0.0452
4.9659	0.0447
4.969	0.0442
4.9721	0.0437
4.9752	0.0433
4.9783	0.0428
4.9814	0.0424
4.9845	0.0419
4.9876	0.0414
4.9907	0.041
4.9938	0.0405
4.9969	0.0401
4.9999	0.0397
5.003	0.0392
5.0061	0.0388
5.0092	0.0384
5.0123	0.0379
5.0154	0.0375
5.0185	0.0371
5.0216	0.0367
5.0247	0.0362
5.0278	0.0358
5.0309	0.0354
5.034	0.035
5.0371	0.0346
5.0401	0.0342
5.0432	0.0338
5.0463	0.0334
5.0494	0.033
5.0525	0.0327
5.0556	0.0323
5.0587	0.0319
5.0618	0.0315
5.0649	0.0311
5.068	0.0308
5.0711	0.0304
5.0742	0.03
5.0772	0.0297
5.0803	0.0293
5.0834	0.029
5.0865	0.0286
5.0896	0.0283
5.0927	0.0279
5.0958	0.0276
5.0989	0.0272
5.102	0.0269
5.1051	0.0266
5.1082	0.0262
5.1113	0.0259
5.1144	0.0256
5.1174	0.0253
5.1205	0.025
5.1236	0.0246
5.1267	0.0243
5.1298	0.024
5.1329	0.0237
5.136	0.0234
5.1391	0.0231
5.1422	0.0228
5.1453	0.0225
5.1484	0.0222
5.1515	0.0219
5.1546	0.0216
5.1576	0.0214
5.1607	0.0211
5.1638	0.0208
5.1669	0.0205
5.17	0.0203
5.1731	0.02
5.1762	0.0197
5.1793	0.0195
5.1824	0.0192
5.1855	0.0189
5.1886	0.0187
5.1917	0.0184
5.1947	0.0182
5.1978	0.0179
5.2009	0.0177
5.204	0.0174
5.2071	0.0172
5.2102	0.017
5.2133	0.0167
5.2164	0.0165
5.2195	0.0163
5.2226	0.016
5.2257	0.0158
5.2288	0.0156
5.2319	0.0154
5.2349	0.0152
5.238	0.0149
5.2411	0.0147
5.2442	0.0145
5.2473	0.0143
5.2504	0.0141
5.2535	0.0139
5.2566	0.0137
5.2597	0.0135
5.2628	0.0133
5.2659	0.0131
5.269	0.0129
5.2721	0.0127
5.2751	0.0126
5.2782	0.0124
5.2813	0.0122
5.2844	0.012
5.2875	0.0118
5.2906	0.0117
5.2937	0.0115
5.2968	0.0113
5.2999	0.0111
5.303	0.011
5.3061	0.0108
5.3092	0.0106
5.3122	0.0105
5.3153	0.0103
5.3184	0.0102
5.3215	0.01
5.3246	0.0099
5.3277	0.0097
5.3308	0.0096
5.3339	0.0094
5.337	0.0093
5.3401	0.0091
5.3432	0.009
5.3463	0.0088
5.3494	0.0087
5.3524	0.0086
5.3555	0.0084
5.3586	0.0083
5.3617	0.0082
5.3648	0.008
5.3679	0.0079
5.371	0.0078
5.3741	0.0077
5.3772	0.0075
5.3803	0.0074
5.3834	0.0073
5.3865	0.0072
5.3896	0.0071
5.3926	0.0069
5.3957	0.0068
5.3988	0.0067
5.4019	0.0066
5.405	0.0065
5.4081	0.0064
5.4112	0.0063
5.4143	0.0062
5.4174	0.0061
5.4205	0.006
5.4236	0.0059
5.4267	0.0058
5.4297	0.0057
5.4328	0.0056
5.4359	0.0055
5.439	0.0054
5.4421	0.0053
5.4452	0.0052
5.4483	0.0051
5.4514	0.005
5.4545	0.0049
5.4576	0.0049
5.4607	0.0048
5.4638	0.0047
5.4669	0.0046
5.4699	0.0045
5.473	0.0045
5.4761	0.0044
5.4792	0.0043
5.4823	0.0042
5.4854	0.0041
5.4885	0.0041
5.4916	0.004
5.4947	0.0039
5.4978	0.0039
5.5009	0.0038
5.504	0.0037
5.5071	0.0037
5.5101	0.0036
5.5132	0.0035
5.5163	0.0035
5.5194	0.0034
5.5225	0.0033
5.5256	0.0033
5.5287	0.0032
5.5318	0.0032
5.5349	0.0031
5.538	0.003
5.5411	0.003
5.5442	0.0029
5.5472	0.0029
5.5503	0.0028
5.5534	0.0028
5.5565	0.0027
5.5596	0.0027
5.5627	0.0026
5.5658	0.0026
5.5689	0.0025
5.572	0.0025
5.5751	0.0024
5.5782	0.0024
5.5813	0.0023
5.5844	0.0023
5.5874	0.0022
5.5905	0.0022
5.5936	0.0021
5.5967	0.0021
5.5998	0.0021
5.6029	0.002
5.606	0.002
5.6091	0.0019
5.6122	0.0019
5.6153	0.0019
5.6184	0.0018
5.6215	0.0018
5.6246	0.0018
5.6276	0.0017
5.6307	0.0017
5.6338	0.0017
5.6369	0.0016
5.64	0.0016
5.6431	0.0016
5.6462	0.0015
5.6493	0.0015
5.6524	0.0015
5.6555	0.0014
5.6586	0.0014
5.6617	0.0014
5.6647	0.0013
5.6678	0.0013
5.6709	0.0013
5.674	0.0013
5.6771	0.0012
5.6802	0.0012
5.6833	0.0012
5.6864	0.0012
5.6895	0.0011
5.6926	0.0011
5.6957	0.0011
5.6988	0.0011
5.7019	0.001
5.7049	0.001
5.708	0.001
5.7111	0.001
5.7142	0.0009
5.7173	0.0009
5.7204	0.0009
5.7235	0.0009
5.7266	0.0009
5.7297	0.0008
5.7328	0.0008
5.7359	0.0008
5.739	0.0008
5.7421	0.0008
5.7451	0.0008
5.7482	0.0007
5.7513	0.0007
5.7544	0.0007
5.7575	0.0007
5.7606	0.0007
5.7637	0.0007
5.7668	0.0006
5.7699	0.0006
5.773	0.0006
5.7761	0.0006
5.7792	0.0006
5.7822	0.0006
5.7853	0.0006
5.7884	0.0005
5.7915	0.0005
5.7946	0.0005
5.7977	0.0005
5.8008	0.0005
5.8039	0.0005
5.807	0.0005
5.8101	0.0005
5.8132	0.0004
5.8163	0.0004
5.8194	0.0004
5.8224	0.0004
5.8255	0.0004
5.8286	0.0004
5.8317	0.0004
5.8348	0.0004
5.8379	0.0004
5.841	0.0004
5.8441	0.0004
5.8472	0.0003
5.8503	0.0003
5.8534	0.0003
5.8565	0.0003
5.8596	0.0003
5.8626	0.0003
5.8657	0.0003
5.8688	0.0003
5.8719	0.0003
5.875	0.0003
5.8781	0.0003
5.8812	0.0003
5.8843	0.0003
5.8874	0.0002
5.8905	0.0002
5.8936	0.0002
5.8967	0.0002
5.8997	0.0002
5.9028	0.0002
5.9059	0.0002
5.909	0.0002
5.9121	0.0002
5.9152	0.0002
5.9183	0.0002
5.9214	0.0002
5.9245	0.0002
5.9276	0.0002
5.9307	0.0002
5.9338	0.0002
5.9369	0.0002
5.9399	0.0002
5.943	0.0001
5.9461	0.0001
5.9492	0.0001
5.9523	0.0001
5.9554	0.0001
5.9585	0.0001
5.9616	0.0001
5.9647	0.0001
5.9678	0.0001
5.9709	0.0001
5.974	0.0001
5.9771	0.0001
5.9801	0.0001
5.9832	0.0001
5.9863	0.0001
5.9894	0.0001
5.9925	0.0001
5.9956	0.0001
5.9987	0.0001
6.0018	0.0001
6.0049	0.0001
6.008	0.0001
6.0111	0.0001
6.0142	0.0001
6.0172	0.0001
6.0203	0.0001
6.0234	0.0001
6.0265	0.0001
6.0296	0.0001
6.0327	0.0001
6.0358	0.0001
6.0389	0.0001
6.042	0.0001
6.0451	0.0001
6.0482	0.0001
6.0513	0.0001
6.0544	0.0001
6.0574	0
6.0605	0
6.0636	0
6.0667	0
6.0698	0
6.0729	0
6.076	0
6.0791	0
6.0822	0
6.0853	0
6.0884	0
6.0915	0
6.0946	0
6.0976	0
6.1007	0
6.1038	0
6.1069	0
6.11	0
6.1131	0
6.1162	0
6.1193	0
6.1224	0
6.1255	0
6.1286	0
6.1317	0
6.1348	0
6.1378	0
6.1409	0
6.144	0
6.1471	0
6.1502	0
6.1533	0
6.1564	0
6.1595	0
6.1626	0
6.1657	0
6.1688	0
6.1719	0
6.1749	0
6.178	0
6.1811	0
6.1842	0
6.1873	0
6.1904	0
6.1935	0
6.1966	0
6.1997	0
6.2028	0
6.2059	0
6.209	0
6.2121	0
6.2151	0
6.2182	0
6.2213	0
6.2244	0
6.2275	0
6.2306	0
6.2337	0
6.2368	0
6.2399	0
6.243	0
6.2461	0
6.2492	0
6.2523	0
6.2553	0
6.2584	0
6.2615	0
6.2646	0
6.2677	0
6.2708	0
6.2739	0
6.277	0
6.2801	0
6.2832	0
6.2863	0
6.2894	0
6.2924	0
6.2955	0
6.2986	0
6.3017	0
6.3048	0
6.3079	0
6.311	0
6.3141	0
6.3172	0
6.3203	0
6.3234	0
6.3265	0
6.3296	0
6.3326	0
6.3357	0
6.3388	0
6.3419	0
6.345	0
6.3481	0
6.3512	0
6.3543	0
6.3574	0
6.3605	0
6.3636	0
6.3667	0
6.3698	0
6.3728	0
6.3759	0
6.379	0
6.3821	0
6.3852	0
6.3883	0
6.3914	0
6.3945	0
6.3976	0
6.4007	0
6.4038	0
6.4069	0
6.4099	0
6.413	0
6.4161	0
6.4192	0
6.4223	0
6.4254	0
6.4285	0
6.4316	0
6.4347	0
6.4378	0
6.4409	0
6.444	0
6.4471	0
6.4501	0
6.4532	0
6.4563	0
6.4594	0
6.4625	0
6.4656	0
6.4687	0
6.4718	0
6.4749	0
6.478	0
6.4811	0
6.4842	0
6.4873	0
6.4903	0
6.4934	0
6.4965	0
6.4996	0
6.5027	0
6.5058	0
6.5089	0
6.512	0
6.5151	0
6.5182	0
6.5213	0
6.5244	0
6.5274	0
6.5305	0
6.5336	0
6.5367	0
6.5398	0
6.5429	0
6.546	0
6.5491	0
6.5522	0
6.5553	0
6.5584	0
6.5615	0
6.5646	0
6.5676	0
6.5707	0
6.5738	0
6.5769	0
6.58	0
6.5831	0
6.5862	0
6.5893	0
6.5924	0
6.5955	0
6.5986	0
6.6017	0
6.6048	0
6.6078	0
6.6109	0
6.614	0
6.6171	0
6.6202	0
6.6233	0
6.6264	0
6.6295	0
6.6326	0
6.6357	0
6.6388	0
6.6419	0
6.6449	0
6.648	0
6.6511	0
6.6542	0
6.6573	0
6.6604	0
6.6635	0
6.6666	0
6.6697	0
6.6728	0
6.6759	0
6.679	0
6.6821	0
6.6851	0
6.6882	0
6.6913	0
6.6944	0
6.6975	0
6.7006	0
6.7037	0
6.7068	0
6.7099	0
6.713	0
6.7161	0
6.7192	0
6.7223	0
6.7253	0
6.7284	0
6.7315	0
6.7346	0
6.7377	0
6.7408	0
6.7439	0
6.747	0
6.7501	0
6.7532	0
6.7563	0
6.7594	0
6.7624	0
6.7655	0
6.7686	0
6.7717	0
6.7748	0
6.7779	0
6.781	0
6.7841	0
6.7872	0
6.7903	0
6.7934	0
6.7965	0
6.7996	0
6.8026	0
6.8057	0
6.8088	0
6.8119	0
6.815	0
6.8181	0
6.8212	0
6.8243	0
6.8274	0
6.8305	0
6.8336	0
6.8367	0
6.8398	0
6.8428	0
6.8459	0
6.849	0
6.8521	0
6.8552	0
6.8583	0
6.8614	0
6.8645	0
6.8676	0
6.8707	0
6.8738	0
6.8769	0
6.8799	0
6.883	0
6.8861	0
6.8892	0
6.8923	0
6.8954	0
6.8985	0
6.9016	0
6.9047	0
6.9078	0
6.9109	0
6.914	0
6.9171	0
6.9201	0
6.9232	0
6.9263	0
6.9294	0
6.9325	0
6.9356	0
6.9387	0
6.9418	0
6.9449	0
6.948	0
6.9511	0
6.9542	0
6.9573	0
6.9603	0
6.9634	0
6.9665	0
6.9696	0
6.9727	0
6.9758	0
6.9789	0
6.982	0
6.9851	0
6.9882	0
6.9913	0
6.9944	0
6.9974	0
7.0005	0
7.0036	0
7.0067	0
7.0098	0
7.0129	0
7.016	0
7.0191	0
7.0222	0
7.0253	0
7.0284	0
7.0315	0
7.0346	0
7.0376	0
7.0407	0
7.0438	0
7.0469	0
7.05	0
7.0531	0
7.0562	0
7.0593	0
7.0624	0
7.0655	0
7.0686	0
7.0717	0
7.0748	0
7.0778	0
7.0809	0
7.084	0
7.0871	0
7.0902	0
7.0933	0
7.0964	0
7.0995	0
7.1026	0
7.1057	0
7.1088	0
7.1119	0
7.1149	0
7.118	0
7.1211	0
7.1242	0
7.1273	0
7.1304	0
7.1335	0
7.1366	0
7.1397	0
7.1428	0
7.1459	0
7.149	0
7.1521	0
7.1551	0
7.1582	0
7.1613	0
7.1644	0
7.1675	0
7.1706	0
7.1737	0
7.1768	0
7.1799	0
7.183	0
7.1861	0
7.1892	0
7.1923	0
7.1953	0
7.1984	0
7.2015	0
7.2046	0
7.2077	0
7.2108	0
7.2139	0
7.217	0
7.2201	0
7.2232	0
7.2263	0
7.2294	0
7.2325	0
7.2355	0
7.2386	0
7.2417	0
7.2448	0
7.2479	0
7.251	0
7.2541	0
7.2572	0
7.2603	0
7.2634	0
7.2665	0
7.2696	0
7.2726	0
7.2757	0
7.2788	0
7.2819	0
7.285	0
7.2881	0
7.2912	0
7.2943	0
7.2974	0
7.3005	0
7.3036	0
7.3067	0
7.3098	0
7.3128	0
7.3159	0
7.319	0
7.3221	0
7.3252	0
7.3283	0
7.3314	0
7.3345	0
7.3376	0
7.3407	0
7.3438	0
7.3469	0
7.35	0
7.353	0
7.3561	0
7.3592	0
7.3623	0
7.3654	0
7.3685	0
7.3716	0
7.3747	0
7.3778	0
7.3809	0
7.384	0
7.3871	0
7.3901	0
7.3932	0
7.3963	0
7.3994	0
7.4025	0
7.4056	0
7.4087	0
7.4118	0
7.4149	0
7.418	0
7.4211	0
7.4242	0
7.4273	0
7.4303	0
7.4334	0
7.4365	0
7.4396	0
7.4427	0
7.4458	0
7.4489	0
7.452	0
7.4551	0
7.4582	0
7.4613	0
7.4644	0
7.4675	0
7.4705	0
7.4736	0
7.4767	0
7.4798	0
7.4829	0
7.486	0
7.4891	0
7.4922	0
7.4953	0
7.4984	0
7.5015	0
7.5046	0
7.5076	0
7.5107	0
7.5138	0
7.5169	0
7.52	0
7.5231	0
7.5262	0
7.5293	0
7.5324	0
7.5355	0
7.5386	0
7.5417	0
7.5448	0
7.5478	0
7.5509	0
7.554	0
7.5571	0
7.5602	0
7.5633	0
7.5664	0
7.5695	0
7.5726	0
7.5757	0
7.5788	0
7.5819	0
7.585	0
7.588	0
7.5911	0
7.5942	0
7.5973	0
7.6004	0
7.6035	0
7.6066	0
7.6097	0
7.6128	0
7.6159	0
7.619	0
7.6221	0
7.6251	0
7.6282	0
7.6313	0
7.6344	0
7.6375	0
7.6406	0
7.6437	0
7.6468	0
7.6499	0
7.653	0
7.6561	0
7.6592	0
7.6623	0
7.6653	0
7.6684	0
7.6715	0
7.6746	0
7.6777	0
7.6808	0
7.6839	0
7.687	0
7.6901	0
7.6932	0
7.6963	0
7.6994	0
7.7025	0
7.7055	0
7.7086	0
7.7117	0
7.7148	0
7.7179	0
7.721	0
7.7241	0
7.7272	0
7.7303	0
7.7334	0
7.7365	0
7.7396	0
7.7426	0
7.7457	0
7.7488	0
7.7519	0
7.755	0
7.7581	0
7.7612	0
7.7643	0
7.7674	0
7.7705	0
7.7736	0
7.7767	0
7.7798	0
7.7828	0
7.7859	0
7.789	0
7.7921	0
7.7952	0
7.7983	0
7.8014	0
7.8045	0
7.8076	0
7.8107	0
7.8138	0
7.8169	0
7.82	0
7.823	0
7.8261	0
7.8292	0
7.8323	0
7.8354	0
7.8385	0
7.8416	0
7.8447	0
7.8478	0
7.8509	0
7.854	0
7.8571	0
7.8601	0
7.8632	0
7.8663	0
7.8694	0
7.8725	0
7.8756	0
7.8787	0
7.8818	0
7.8849	0
7.888	0
7.8911	0
7.8942	0
7.8973	0
7.9003	0
7.9034	0
7.9065	0
7.9096	0
7.9127	0
7.9158	0
7.9189	0
7.922	0
7.9251	0
7.9282	0
7.9313	0
7.9344	0
7.9375	0
7.9405	0
7.9436	0
7.9467	0
7.9498	0
7.9529	0
7.956	0
7.9591	0
7.9622	0
7.9653	0
7.9684	0
7.9715	0
7.9746	0
7.9776	0
7.9807	0
7.9838	0
7.9869	0
7.99	0
7.9931	0
7.9962	0
7.9993	0
8.0024	0
8.0055	0
8.0086	0
8.0117	0
8.0148	0
8.0178	0
8.0209	0
8.024	0
8.0271	0
8.0302	0
8.0333	0
8.0364	0
8.0395	0
8.0426	0
8.0457	0
8.0488	0
8.0519	0
8.055	0
8.058	0
8.0611	0
8.0642	0
8.0673	0
8.0704	0
8.0735	0
8.0766	0
8.0797	0
8.0828	0
8.0859	0
8.089	0
8.0921	0
8.0951	0
8.0982	0
8.1013	0
8.1044	0
8.1075	0
8.1106	0
8.1137	0
8.1168	0
8.1199	0
8.123	0
8.1261	0
8.1292	0
8.1323	0
8.1353	0
8.1384	0
8.1415	0
8.1446	0
8.1477	0
8.1508	0
8.1539	0
8.157	0
8.1601	0
8.1632	0
8.1663	0
8.1694	0
8.1725	0
8.1755	0
8.1786	0
8.1817	0
8.1848	0
8.1879	0
8.191	0
8.1941	0
8.1972	0
8.2003	0
8.2034	0
8.2065	0
8.2096	0
8.2126	0
8.2157	0
8.2188	0
8.2219	0
8.225	0
8.2281	0
8.2312	0
8.2343	0
8.2374	0
8.2405	0
8.2436	0
8.2467	0
8.2498	0
8.2528	0
8.2559	0
8.259	0
8.2621	0
8.2652	0
8.2683	0
8.2714	0
8.2745	0
8.2776	0
8.2807	0
8.2838	0
8.2869	0
8.29	0
8.293	0
8.2961	0
8.2992	0
8.3023	0
8.3054	0
8.3085	0
8.3116	0
8.3147	0
8.3178	0
8.3209	0
8.324	0
8.3271	0
8.3301	0
8.3332	0
8.3363	0
8.3394	0
8.3425	0
8.3456	0
8.3487	0
8.3518	0
8.3549	0
8.358	0
8.3611	0
8.3642	0
8.3673	0
8.3703	0
8.3734	0
8.3765	0
8.3796	0
8.3827	0
8.3858	0
8.3889	0
8.392	0
8.3951	0
8.3982	0
8.4013	0
8.4044	0
8.4075	0
8.4105	0
8.4136	0
8.4167	0
8.4198	0
8.4229	0
8.426	0
8.4291	0
8.4322	0
8.4353	0
8.4384	0
8.4415	0
8.4446	0
8.4477	0
8.4507	0
8.4538	0
8.4569	0
8.46	0
8.4631	0
8.4662	0
8.4693	0
8.4724	0
8.4755	0
8.4786	0
8.4817	0
8.4848	0
8.4878	0
8.4909	0
8.494	0
8.4971	0
8.5002	0
8.5033	0
8.5064	0
8.5095	0
8.5126	0
8.5157	0
8.5188	0
8.5219	0
8.525	0
8.528	0
8.5311	0
8.5342	0
8.5373	0
8.5404	0
8.5435	0
8.5466	0
8.5497	0
8.5528	0
8.5559	0
8.559	0
8.5621	0
8.5652	0
8.5682	0
8.5713	0
8.5744	0
8.5775	0
8.5806	0
8.5837	0
8.5868	0
8.5899	0
8.593	0
8.5961	0
8.5992	0
8.6023	0
8.6053	0
8.6084	0
8.6115	0
8.6146	0
8.6177	0
8.6208	0
8.6239	0
8.627	0
8.6301	0
8.6332	0
8.6363	0
8.6394	0
8.6425	0
8.6455	0
8.6486	0
8.6517	0
8.6548	0
8.6579	0
8.661	0
8.6641	0
8.6672	0
8.6703	0
8.6734	0
8.6765	0
8.6796	0
8.6827	0
8.6857	0
8.6888	0
8.6919	0
8.695	0
8.6981	0
8.7012	0
8.7043	0
8.7074	0
8.7105	0
8.7136	0
8.7167	0
8.7198	0
8.7228	0
8.7259	0
8.729	0
8.7321	0
8.7352	0
8.7383	0
8.7414	0
8.7445	0
8.7476	0
8.7507	0
8.7538	0
8.7569	0
8.76	0
8.763	0
8.7661	0
8.7692	0
8.7723	0
8.7754	0
8.7785	0
8.7816	0
8.7847	0
8.7878	0
8.7909	0
8.794	0
8.7971	0
8.8002	0
8.8032	0
8.8063	0
8.8094	0
8.8125	0
8.8156	0
8.8187	0
8.8218	0
8.8249	0
8.828	0
8.8311	0
8.8342	0
8.8373	0
8.8403	0
8.8434	0
8.8465	0
8.8496	0
8.8527	0
8.8558	0
8.8589	0
8.862	0
8.8651	0
8.8682	0
8.8713	0
8.8744	0
8.8775	0
8.8805	0
8.8836	0
8.8867	0
8.8898	0
8.8929	0
8.896	0
8.8991	0
8.9022	0
8.9053	0
8.9084	0
8.9115	0
8.9146	0
8.9177	0
8.9207	0
8.9238	0
8.9269	0
8.93	0
8.9331	0
8.9362	0
8.9393	0
8.9424	0
8.9455	0
8.9486	0
8.9517	0
8.9548	0
8.9578	0
8.9609	0
8.964	0
8.9671	0
8.9702	0
8.9733	0
8.9764	0
8.9795	0
8.9826	0
8.9857	0
8.9888	0
8.9919	0
8.995	0
8.998	0
9.0011	0
9.0042	0
9.0073	0
9.0104	0
9.0135	0
9.0166	0
9.0197	0
9.0228	0
9.0259	0
9.029	0
9.0321	0
9.0352	0
9.0382	0
9.0413	0
9.0444	0
9.0475	0
9.0506	0
9.0537	0
9.0568	0
9.0599	0
9.063	0
9.0661	0
9.0692	0
9.0723	0
9.0753	0
9.0784	0
9.0815	0
9.0846	0
9.0877	0
9.0908	0
9.0939	0
9.097	0
9.1001	0
9.1032	0
9.1063	0
9.1094	0
9.1125	0
9.1155	0
9.1186	0
9.1217	0
9.1248	0
9.1279	0
9.131	0
9.1341	0
9.1372	0
9.1403	0
9.1434	0
9.1465	0
9.1496	0
9.1527	0
9.1557	0
9.1588	0
9.1619	0
9.165	0
9.1681	0
9.1712	0
9.1743	0
9.1774	0
9.1805	0
9.1836	0
9.1867	0
9.1898	0
9.1928	0
9.1959	0
9.199	0
9.2021	0
9.2052	0
9.2083	0
9.2114	0
9.2145	0
9.2176	0
9.2207	0
9.2238	0
9.2269	0
9.23	0
9.233	0
9.2361	0
9.2392	0
9.2423	0
9.2454	0
9.2485	0
9.2516	0
9.2547	0
9.2578	0
9.2609	0
9.264	0
9.2671	0
9.2702	0
9.2732	0
9.2763	0
9.2794	0
9.2825	0
9.2856	0
9.2887	0
9.2918	0
9.2949	0
9.298	0
9.3011	0
9.3042	0
9.3073	0
9.3103	0
9.3134	0
9.3165	0
9.3196	0
9.3227	0
9.3258	0
9.3289	0
9.332	0
9.3351	0
9.3382	0
9.3413	0
9.3444	0
9.3475	0
9.3505	0
9.3536	0
9.3567	0
9.3598	0
9.3629	0
9.366	0
9.3691	0
9.3722	0
9.3753	0
9.3784	0
9.3815	0
9.3846	0
9.3877	0
9.3907	0
9.3938	0
9.3969	0
9.4	0
9.4031	0
9.4062	0
9.4093	0
9.4124	0
9.4155	0
9.4186	0
9.4217	0
9.4248	0
9.4278	0
9.4309	0
9.434	0
9.4371	0
9.4402	0
9.4433	0
9.4464	0
9.4495	0
9.4526	0
9.4557	0
9.4588	0
9.4619	0
9.465	0
9.468	0
9.4711	0
9.4742	0
9.4773	0
9.4804	0
9.4835	0
9.4866	0
9.4897	0
9.4928	0
9.4959	0
9.499	0
9.5021	0
9.5052	0
9.5082	0
9.5113	0
9.5144	0
9.5175	0
9.5206	0
9.5237	0
9.5268	0
9.5299	0
9.533	0
9.5361	0
9.5392	0
9.5423	0
9.5453	0
9.5484	0
9.5515	0
9.5546	0
9.5577	0
9.5608	0
9.5639	0
9.567	0
9.5701	0
9.5732	0
9.5763	0
9.5794	0
9.5825	0
9.5855	0
9.5886	0
9.5917	0
9.5948	0
9.5979	0
9.601	0
9.6041	0
9.6072	0
9.6103	0
9.6134	0
9.6165	0
9.6196	0
9.6227	0
9.6257	0
9.6288	0
9.6319	0
9.635	0
9.6381	0
9.6412	0
9.6443	0
9.6474	0
9.6505	0
9.6536	0
9.6567	0
9.6598	0
9.6629	0
9.6659	0
9.669	0
9.6721	0
9.6752	0
9.6783	0
9.6814	0
9.6845	0
9.6876	0
9.6907	0
9.6938	0
9.6969	0
9.7	0
9.703	0
9.7061	0
9.7092	0
9.7123	0
9.7154	0
9.7185	0
9.7216	0
9.7247	0
9.7278	0
9.7309	0
9.734	0
9.7371	0
9.7402	0
9.7432	0
9.7463	0
9.7494	0
9.7525	0
9.7556	0
9.7587	0
9.7618	0
9.7649	0
9.768	0
9.7711	0
9.7742	0
9.7773	0
9.7804	0
9.7834	0
9.7865	0
9.7896	0
9.7927	0
9.7958	0
9.7989	0
9.802	0
9.8051	0
9.8082	0
9.8113	0
9.8144	0
9.8175	0
9.8205	0
9.8236	0
9.8267	0
9.8298	0
9.8329	0
9.836	0
9.8391	0
9.8422	0
9.8453	0
9.8484	0
9.8515	0
9.8546	0
9.8577	0
9.8607	0
9.8638	0
9.8669	0
9.87	0
9.8731	0
9.8762	0
9.8793	0
9.8824	0
9.8855	0
9.8886	0
9.8917	0
9.8948	0
9.8979	0
9.9009	0
9.904	0
9.9071	0
9.9102	0
9.9133	0
9.9164	0
9.9195	0
9.9226	0
9.9257	0
9.9288	0
9.9319	0
9.935	0
9.938	0
9.9411	0
9.9442	0
9.9473	0
9.9504	0
9.9535	0
9.9566	0
9.9597	0
9.9628	0
9.9659	0
9.969	0
9.9721	0
9.9752	0
9.9782	0
9.9813	0
9.9844	0
9.9875	0
9.9906	0
9.9937	0
9.9968	0
9.9999	0
10.003	0
10.0061	0
10.0092	0
10.0123	0
10.0154	0
10.0184	0
10.0215	0
10.0246	0
10.0277	0
10.0308	0
10.0339	0
10.037	0
10.0401	0
10.0432	0
10.0463	0
10.0494	0
10.0525	0
10.0555	0
10.0586	0
10.0617	0
10.0648	0
10.0679	0
10.071	0
10.0741	0
10.0772	0
10.0803	0
10.0834	0
10.0865	0
10.0896	0
10.0927	0
10.0957	0
10.0988	0
10.1019	0
10.105	0
10.1081	0
10.1112	0
10.1143	0
10.1174	0
10.1205	0
10.1236	0
10.1267	0
10.1298	0
10.1329	0
10.1359	0
10.139	0
10.1421	0
10.1452	0
10.1483	0
10.1514	0
10.1545	0
10.1576	0
10.1607	0
10.1638	0
10.1669	0
10.17	0
10.173	0
10.1761	0
10.1792	0
10.1823	0
10.1854	0
10.1885	0
10.1916	0
10.1947	0
10.1978	0
10.2009	0
10.204	0
10.2071	0
10.2102	0
10.2132	0
10.2163	0
10.2194	0
10.2225	0
10.2256	0
10.2287	0
10.2318	0
10.2349	0
10.238	0
10.2411	0
10.2442	0
10.2473	0
10.2504	0
10.2534	0
10.2565	0
10.2596	0
10.2627	0
10.2658	0
10.2689	0
10.272	0
10.2751	0
10.2782	0
10.2813	0
10.2844	0
10.2875	0
10.2905	0
10.2936	0
10.2967	0
10.2998	0
10.3029	0
10.306	0
10.3091	0
10.3122	0
10.3153	0
10.3184	0
10.3215	0
10.3246	0
10.3277	0
10.3307	0
10.3338	0
10.3369	0
10.34	0
10.3431	0
10.3462	0
10.3493	0
10.3524	0
10.3555	0
10.3586	0
10.3617	0
10.3648	0
10.3679	0
10.3709	0
10.374	0
10.3771	0
10.3802	0
10.3833	0
10.3864	0
10.3895	0
10.3926	0
10.3957	0
10.3988	0
10.4019	0
10.405	0
10.408	0
10.4111	0
10.4142	0
10.4173	0
10.4204	0
10.4235	0
10.4266	0
10.4297	0
10.4328	0
10.4359	0
10.439	0
10.4421	0
10.4452	0
10.4482	0
10.4513	0
10.4544	0
10.4575	0
10.4606	0
10.4637	0
10.4668	0
10.4699	0
10.473	0
10.4761	0
10.4792	0
10.4823	0
10.4854	0
10.4884	0
10.4915	0
10.4946	0
10.4977	0
10.5008	0
10.5039	0
10.507	0
10.5101	0
10.5132	0
10.5163	0
10.5194	0
10.5225	0
10.5255	0
10.5286	0
10.5317	0
10.5348	0
10.5379	0
10.541	0
10.5441	0
10.5472	0
10.5503	0
10.5534	0
10.5565	0
10.5596	0
10.5627	0
10.5657	0
10.5688	0
10.5719	0
10.575	0
10.5781	0
10.5812	0
10.5843	0
10.5874	0
10.5905	0
10.5936	0
10.5967	0
10.5998	0
10.6029	0
10.6059	0
10.609	0
10.6121	0
10.6152	0
10.6183	0
10.6214	0
10.6245	0
10.6276	0
10.6307	0
10.6338	0
10.6369	0
10.64	0
10.643	0
10.6461	0
10.6492	0
10.6523	0
10.6554	0
10.6585	0
10.6616	0
10.6647	0
10.6678	0
10.6709	0
10.674	0
10.6771	0
10.6802	0
10.6832	0
10.6863	0
10.6894	0
10.6925	0
10.6956	0
10.6987	0
10.7018	0
10.7049	0
10.708	0
10.7111	0
10.7142	0
10.7173	0
10.7204	0
10.7234	0
10.7265	0
10.7296	0
10.7327	0
10.7358	0
10.7389	0
10.742	0
10.7451	0
10.7482	0
10.7513	0
10.7544	0
10.7575	0
10.7605	0
10.7636	0
10.7667	0
10.7698	0
10.7729	0
10.776	0
10.7791	0
10.7822	0
10.7853	0
10.7884	0
10.7915	0
10.7946	0
10.7977	0
10.8007	0
10.8038	0
10.8069	0
10.81	0
10.8131	0
10.8162	0
10.8193	0
10.8224	0
10.8255	0
10.8286	0
10.8317	0
10.8348	0
10.8379	0
10.8409	0
10.844	0
10.8471	0
10.8502	0
10.8533	0
10.8564	0
10.8595	0
10.8626	0
10.8657	0
10.8688	0
10.8719	0
10.875	0
10.8781	0
10.8811	0
10.8842	0
10.8873	0
10.8904	0
10.8935	0
10.8966	0
10.8997	0
10.9028	0
10.9059	0
10.909	0
10.9121	0
10.9152	0
10.9182	0
10.9213	0
10.9244	0
10.9275	0
10.9306	0
10.9337	0
10.9368	0
10.9399	0
10.943	0
10.9461	0
10.9492	0
10.9523	0
10.9554	0
10.9584	0
10.9615	0
10.9646	0
10.9677	0
10.9708	0
10.9739	0
10.977	0
10.9801	0
10.9832	0
10.9863	0
10.9894	0
10.9925	0
10.9956	0
10.9986	0
11.0017	0
11.0048	0
11.0079	0
11.011	0
11.0141	0
11.0172	0
11.0203	0
11.0234	0
11.0265	0
11.0296	0
11.0327	0
11.0357	0
11.0388	0
11.0419	0
11.045	0
11.0481	0
11.0512	0
11.0543	0
11.0574	0
11.0605	0
11.0636	0
11.0667	0
11.0698	0
11.0729	0
11.0759	0
11.079	0
11.0821	0
11.0852	0
11.0883	0
11.0914	0
11.0945	0
11.0976	0
11.1007	0
11.1038	0
11.1069	0
11.11	0
11.1131	0
11.1161	0
11.1192	0
11.1223	0
11.1254	0
11.1285	0
11.1316	0
11.1347	0
11.1378	0
11.1409	0
11.144	0
11.1471	0
11.1502	0
11.1532	0
11.1563	0
11.1594	0
11.1625	0
11.1656	0
11.1687	0
11.1718	0
11.1749	0
11.178	0
11.1811	0
11.1842	0
11.1873	0
11.1904	0
11.1934	0
11.1965	0
11.1996	0
11.2027	0
11.2058	0
11.2089	0
11.212	0
11.2151	0
11.2182	0
11.2213	0
11.2244	0
11.2275	0
11.2306	0
11.2336	0
11.2367	0
11.2398	0
11.2429	0
11.246	0
11.2491	0
11.2522	0
11.2553	0
11.2584	0
11.2615	0
11.2646	0
11.2677	0
11.2707	0
11.2738	0
11.2769	0
11.28	0
11.2831	0
11.2862	0
11.2893	0
11.2924	0
11.2955	0
11.2986	0
11.3017	0
11.3048	0
11.3079	0
11.3109	0
11.314	0
11.3171	0
11.3202	0
11.3233	0
11.3264	0
11.3295	0
11.3326	0
11.3357	0
11.3388	0
11.3419	0
11.345	0
11.3481	0
11.3511	0
11.3542	0
11.3573	0
11.3604	0
11.3635	0
11.3666	0
11.3697	0
11.3728	0
11.3759	0
11.379	0
11.3821	0
11.3852	0
11.3882	0
11.3913	0
11.3944	0
11.3975	0
11.4006	0
11.4037	0
11.4068	0
11.4099	0
11.413	0
11.4161	0
11.4192	0
11.4223	0
11.4254	0
11.4284	0
11.4315	0
11.4346	0
11.4377	0
11.4408	0
11.4439	0
11.447	0
11.4501	0
11.4532	0
11.4563	0
11.4594	0
11.4625	0
11.4656	0
11.4686	0
11.4717	0
11.4748	0
11.4779	0
11.481	0
11.4841	0
11.4872	0
11.4903	0
11.4934	0
11.4965	0
11.4996	0
11.5027	0
11.5057	0
11.5088	0
11.5119	0
11.515	0
11.5181	0
11.5212	0
11.5243	0
11.5274	0
11.5305	0
11.5336	0
11.5367	0
11.5398	0
11.5429	0
11.5459	0
11.549	0
11.5521	0
11.5552	0
11.5583	0
11.5614	0
11.5645	0
11.5676	0
11.5707	0
11.5738	0
11.5769	0
11.58	0
11.5831	0
11.5861	0
11.5892	0
11.5923	0
11.5954	0
11.5985	0
11.6016	0
11.6047	0
11.6078	0
11.6109	0
11.614	0
11.6171	0
11.6202	0
11.6232	0
11.6263	0
11.6294	0
11.6325	0
11.6356	0
11.6387	0
11.6418	0
11.6449	0
11.648	0
11.6511	0
11.6542	0
11.6573	0
11.6604	0
11.6634	0
11.6665	0
11.6696	0
11.6727	0
11.6758	0
11.6789	0
11.682	0
11.6851	0
11.6882	0
11.6913	0
11.6944	0
11.6975	0
11.7006	0
11.7036	0
11.7067	0
11.7098	0
11.7129	0
11.716	0
11.7191	0
11.7222	0
11.7253	0
11.7284	0
11.7315	0
11.7346	0
11.7377	0
11.7407	0
11.7438	0
11.7469	0
11.75	0
11.7531	0
11.7562	0
11.7593	0
11.7624	0
11.7655	0
11.7686	0
11.7717	0
11.7748	0
11.7779	0
11.7809	0
11.784	0
11.7871	0
11.7902	0
11.7933	0
11.7964	0
11.7995	0
11.8026	0
11.8057	0
11.8088	0
11.8119	0
11.815	0
11.8181	0
11.8211	0
11.8242	0
11.8273	0
11.8304	0
11.8335	0
11.8366	0
11.8397	0
11.8428	0
11.8459	0
11.849	0
11.8521	0
11.8552	0
11.8582	0
11.8613	0
11.8644	0
11.8675	0
11.8706	0
11.8737	0
11.8768	0
11.8799	0
11.883	0
11.8861	0
11.8892	0
11.8923	0
11.8954	0
11.8984	0
11.9015	0
11.9046	0
11.9077	0
11.9108	0
11.9139	0
11.917	0
11.9201	0
11.9232	0
11.9263	0
11.9294	0
11.9325	0
11.9356	0
11.9386	0
11.9417	0
11.9448	0
11.9479	0
11.951	0
11.9541	0
11.9572	0
11.9603	0
11.9634	0
11.9665	0
11.9696	0
11.9727	0
11.9757	0
11.9788	0
11.9819	0
11.985	0
11.9881	0
11.9912	0
11.9943	0
11.9974	0
12.0005	0
12.0036	0
12.0067	0
12.0098	0
12.0129	0
12.0159	0
12.019	0
12.0221	0
12.0252	0
12.0283	0
12.0314	0
12.0345	0
12.0376	0
12.0407	0
12.0438	0
12.0469	0
12.05	0
12.0531	0
12.0561	0
12.0592	0
12.0623	0
12.0654	0
12.0685	0
12.0716	0
12.0747	0
12.0778	0
12.0809	0
12.084	0
12.0871	0
12.0902	0
12.0933	0
12.0963	0
12.0994	0
12.1025	0
12.1056	0
12.1087	0
12.1118	0
12.1149	0
12.118	0
12.1211	0
12.1242	0
12.1273	0
12.1304	0
12.1334	0
12.1365	0
12.1396	0
12.1427	0
12.1458	0
12.1489	0
12.152	0
12.1551	0
12.1582	0
12.1613	0
12.1644	0
12.1675	0
12.1706	0
12.1736	0
12.1767	0
12.1798	0
12.1829	0
12.186	0
12.1891	0
12.1922	0
12.1953	0
12.1984	0
12.2015	0
12.2046	0
12.2077	0
12.2108	0
12.2138	0
12.2169	0
12.22	0
12.2231	0
12.2262	0
12.2293	0
12.2324	0
12.2355	0
12.2386	0
12.2417	0
12.2448	0
12.2479	0
12.2509	0
12.254	0
12.2571	0
12.2602	0
12.2633	0
12.2664	0
12.2695	0
12.2726	0
12.2757	0
12.2788	0
12.2819	0
12.285	0
12.2881	0
12.2911	0
12.2942	0
12.2973	0
12.3004	0
12.3035	0
12.3066	0
12.3097	0
12.3128	0
12.3159	0
12.319	0
12.3221	0
12.3252	0
12.3283	0
12.3313	0
12.3344	0
12.3375	0
12.3406	0
12.3437	0
12.3468	0
12.3499	0
12.353	0
12.3561	0
12.3592	0
12.3623	0
12.3654	0
12.3684	0
12.3715	0
12.3746	0
12.3777	0
12.3808	0
12.3839	0
12.387	0
12.3901	0
12.3932	0
12.3963	0
12.3994	0
12.4025	0
12.4056	0
12.4086	0
12.4117	0
12.4148	0
12.4179	0
12.421	0
12.4241	0
12.4272	0
12.4303	0
12.4334	0
12.4365	0
12.4396	0
12.4427	0
12.4458	0
12.4488	0
12.4519	0
12.455	0
12.4581	0
12.4612	0
12.4643	0
12.4674	0
12.4705	0
12.4736	0
12.4767	0
12.4798	0
12.4829	0
12.4859	0
12.489	0
12.4921	0
12.4952	0
12.4983	0
12.5014	0
12.5045	0
12.5076	0
12.5107	0
12.5138	0
12.5169	0
12.52	0
12.5231	0
12.5261	0
12.5292	0
12.5323	0
12.5354	0
12.5385	0
12.5416	0
12.5447	0
12.5478	0
12.5509	0
12.554	0
12.5571	0
12.5602	0
12.5633	0
12.5663	0
12.5694	0
12.5725	0
12.5756	0
12.5787	0
12.5818	0
12.5849	0
12.588	0
12.5911	0
12.5942	0
12.5973	0
12.6004	0
12.6034	0
12.6065	0
12.6096	0
12.6127	0
12.6158	0
12.6189	0
12.622	0
12.6251	0
12.6282	0
12.6313	0
12.6344	0
12.6375	0
12.6406	0
12.6436	0
12.6467	0
12.6498	0
12.6529	0
12.656	0
12.6591	0
12.6622	0
12.6653	0
12.6684	0
12.6715	0
12.6746	0
12.6777	0
12.6808	0
12.6838	0
12.6869	0
12.69	0
12.6931	0
12.6962	0
12.6993	0
12.7024	0
12.7055	0
12.7086	0
12.7117	0
12.7148	0
12.7179	0
12.7209	0
12.724	0
12.7271	0
12.7302	0
12.7333	0
12.7364	0
12.7395	0
12.7426	0
12.7457	0
12.7488	0
12.7519	0
12.755	0
12.7581	0
12.7611	0
12.7642	0
12.7673	0
12.7704	0
12.7735	0
12.7766	0
12.7797	0
12.7828	0
12.7859	0
12.789	0
12.7921	0
12.7952	0
12.7983	0
12.8013	0
12.8044	0
12.8075	0
12.8106	0
12.8137	0
12.8168	0
12.8199	0
12.823	0
12.8261	0
12.8292	0
12.8323	0
12.8354	0
12.8384	0
12.8415	0
12.8446	0
12.8477	0
12.8508	0
12.8539	0
12.857	0
12.8601	0
12.8632	0
12.8663	0
12.8694	0
12.8725	0
12.8756	0
12.8786	0
12.8817	0
12.8848	0
12.8879	0
12.891	0
12.8941	0
12.8972	0
12.9003	0
12.9034	0
12.9065	0
12.9096	0
12.9127	0
12.9158	0
12.9188	0
12.9219	0
12.925	0
12.9281	0
12.9312	0
12.9343	0
12.9374	0
12.9405	0
12.9436	0
12.9467	0
12.9498	0
12.9529	0
12.9559	0
12.959	0
12.9621	0
12.9652	0
12.9683	0
12.9714	0
12.9745	0
12.9776	0
12.9807	0
12.9838	0
12.9869	0
12.99	0
12.9931	0
12.9961	0
12.9992	0
13.0023	0
13.0054	0
13.0085	0
13.0116	0
13.0147	0
13.0178	0
13.0209	0
13.024	0
13.0271	0
13.0302	0
13.0333	0
13.0363	0
13.0394	0
13.0425	0
13.0456	0
13.0487	0
13.0518	0
13.0549	0
13.058	0
13.0611	0
13.0642	0
13.0673	0
13.0704	0
13.0734	0
13.0765	0
13.0796	0
13.0827	0
13.0858	0
13.0889	0
13.092	0
13.0951	0
13.0982	0
13.1013	0
13.1044	0
13.1075	0
13.1106	0
13.1136	0
13.1167	0
13.1198	0
13.1229	0
13.126	0
13.1291	0
13.1322	0
13.1353	0
13.1384	0
13.1415	0
13.1446	0
13.1477	0
13.1508	0
13.1538	0
13.1569	0
13.16	0
13.1631	0
13.1662	0
13.1693	0
13.1724	0
13.1755	0
13.1786	0
13.1817	0
13.1848	0
13.1879	0
13.1909	0
13.194	0
13.1971	0
13.2002	0
13.2033	0
13.2064	0
13.2095	0
13.2126	0
13.2157	0
13.2188	0
13.2219	0
13.225	0
13.2281	0
13.2311	0
13.2342	0
13.2373	0
13.2404	0
13.2435	0
13.2466	0
13.2497	0
13.2528	0
13.2559	0
13.259	0
13.2621	0
13.2652	0
13.2683	0
13.2713	0
13.2744	0
13.2775	0
13.2806	0
13.2837	0
13.2868	0
13.2899	0
13.293	0
13.2961	0
13.2992	0
13.3023	0
13.3054	0
13.3085	0
13.3115	0
13.3146	0
13.3177	0
13.3208	0
13.3239	0
13.327	0
13.3301	0
13.3332	0
13.3363	0
13.3394	0
13.3425	0
13.3456	0
13.3486	0
13.3517	0
13.3548	0
13.3579	0
13.361	0
13.3641	0
13.3672	0
13.3703	0
13.3734	0
13.3765	0
13.3796	0
13.3827	0
13.3858	0
13.3888	0
13.3919	0
13.395	0
13.3981	0
13.4012	0
13.4043	0
13.4074	0
13.4105	0
13.4136	0
13.4167	0
13.4198	0
13.4229	0
13.426	0
13.429	0
13.4321	0
13.4352	0
13.4383	0
13.4414	0
13.4445	0
13.4476	0
13.4507	0
13.4538	0
13.4569	0
13.46	0
13.4631	0
13.4661	0
13.4692	0
13.4723	0
13.4754	0
13.4785	0
13.4816	0
13.4847	0
13.4878	0
13.4909	0
13.494	0
13.4971	0
13.5002	0
13.5033	0
13.5063	0
13.5094	0
13.5125	0
13.5156	0
13.5187	0
13.5218	0
13.5249	0
13.528	0
13.5311	0
13.5342	0
13.5373	0
13.5404	0
13.5435	0
13.5465	0
13.5496	0
13.5527	0
13.5558	0
13.5589	0
13.562	0
13.5651	0
13.5682	0
13.5713	0
13.5744	0
13.5775	0
13.5806	0
13.5836	0
13.5867	0
13.5898	0
13.5929	0
13.596	0
13.5991	0
13.6022	0
13.6053	0
13.6084	0
13.6115	0
13.6146	0
13.6177	0
13.6208	0
13.6238	0
13.6269	0
13.63	0
13.6331	0
13.6362	0
13.6393	0
13.6424	0
13.6455	0
13.6486	0
13.6517	0
13.6548	0
13.6579	0
13.661	0
13.664	0
13.6671	0
13.6702	0
13.6733	0
13.6764	0
13.6795	0
13.6826	0
13.6857	0
13.6888	0
13.6919	0
13.695	0
13.6981	0
13.7011	0
13.7042	0
13.7073	0
13.7104	0
13.7135	0
13.7166	0
13.7197	0
13.7228	0
13.7259	0
13.729	0
13.7321	0
13.7352	0
13.7383	0
13.7413	0
13.7444	0
13.7475	0
13.7506	0
13.7537	0
13.7568	0
13.7599	0
13.763	0
13.7661	0
13.7692	0
13.7723	0
13.7754	0
13.7785	0
13.7815	0
13.7846	0
13.7877	0
13.7908	0
13.7939	0
13.797	0
13.8001	0
13.8032	0
13.8063	0
13.8094	0
13.8125	0
13.8156	0
13.8186	0
13.8217	0
13.8248	0
13.8279	0
13.831	0
13.8341	0
13.8372	0
13.8403	0
13.8434	0
13.8465	0
13.8496	0
13.8527	0
13.8558	0
13.8588	0
13.8619	0
13.865	0
13.8681	0
13.8712	0
13.8743	0
13.8774	0
13.8805	0
13.8836	0
13.8867	0
13.8898	0
13.8929	0
13.896	0
13.899	0
13.9021	0
13.9052	0
13.9083	0
13.9114	0
13.9145	0
13.9176	0
13.9207	0
13.9238	0
13.9269	0
13.93	0
13.9331	0
13.9361	0
13.9392	0
13.9423	0
13.9454	0
13.9485	0
13.9516	0
13.9547	0
13.9578	0
13.9609	0
13.964	0
13.9671	0
13.9702	0
13.9733	0
13.9763	0
13.9794	0
13.9825	0
13.9856	0
13.9887	0
13.9918	0
13.9949	0
13.998	0
14.0011	0
14.0042	0
14.0073	0
14.0104	0
14.0135	0
14.0165	0
14.0196	0
14.0227	0
14.0258	0
14.0289	0
14.032	0
14.0351	0
14.0382	0
14.0413	0
14.0444	0
14.0475	0
14.0506	0
14.0536	0
14.0567	0
14.0598	0
14.0629	0
14.066	0
14.0691	0
14.0722	0
14.0753	0
14.0784	0
14.0815	0
14.0846	0
14.0877	0
14.0908	0
14.0938	0
14.0969	0
14.1	0
14.1031	0
14.1062	0
14.1093	0
14.1124	0
14.1155	0
14.1186	0
14.1217	0
14.1248	0
14.1279	0
14.131	0
14.134	0
14.1371	0
14.1402	0
14.1433	0
14.1464	0
14.1495	0
14.1526	0
14.1557	0
14.1588	0
14.1619	0
14.165	0
14.1681	0
14.1711	0
14.1742	0
14.1773	0
14.1804	0
14.1835	0
14.1866	0
14.1897	0
14.1928	0
14.1959	0
14.199	0
14.2021	0
14.2052	0
14.2083	0
14.2113	0
14.2144	0
14.2175	0
14.2206	0
14.2237	0
14.2268	0
14.2299	0
14.233	0
14.2361	0
14.2392	0
14.2423	0
14.2454	0
14.2485	0
14.2515	0
14.2546	0
14.2577	0
14.2608	0
14.2639	0
14.267	0
14.2701	0
14.2732	0
14.2763	0
14.2794	0
14.2825	0
14.2856	0
14.2886	0
14.2917	0
14.2948	0
14.2979	0
14.301	0
14.3041	0
14.3072	0
14.3103	0
14.3134	0
14.3165	0
14.3196	0
14.3227	0
14.3258	0
14.3288	0
14.3319	0
14.335	0
14.3381	0
14.3412	0
14.3443	0
14.3474	0
14.3505	0
14.3536	0
14.3567	0
14.3598	0
14.3629	0
14.366	0
14.369	0
14.3721	0
14.3752	0
14.3783	0
14.3814	0
14.3845	0
14.3876	0
14.3907	0
14.3938	0
14.3969	0
14.4	0
14.4031	0
14.4061	0
14.4092	0
14.4123	0
14.4154	0
14.4185	0
14.4216	0
14.4247	0
14.4278	0
14.4309	0
14.434	0
14.4371	0
14.4402	0
14.4433	0
14.4463	0
14.4494	0
14.4525	0
14.4556	0
14.4587	0
14.4618	0
14.4649	0
14.468	0
14.4711	0
14.4742	0
14.4773	0
14.4804	0
14.4835	0
14.4865	0
14.4896	0
14.4927	0
14.4958	0
14.4989	0
14.502	0
14.5051	0
14.5082	0
14.5113	0
14.5144	0
14.5175	0
14.5206	0
14.5237	0
14.5267	0
14.5298	0
14.5329	0
14.536	0
14.5391	0
14.5422	0
14.5453	0
14.5484	0
14.5515	0
14.5546	0
14.5577	0
14.5608	0
14.5638	0
14.5669	0
14.57	0
14.5731	0
14.5762	0
14.5793	0
14.5824	0
14.5855	0
14.5886	0
14.5917	0
14.5948	0
14.5979	0
14.601	0
14.604	0
14.6071	0
14.6102	0
14.6133	0
14.6164	0
14.6195	0
14.6226	0
14.6257	0
14.6288	0
14.6319	0
14.635	0
14.6381	0
14.6412	0
14.6442	0
14.6473	0
14.6504	0
14.6535	0
14.6566	0
14.6597	0
14.6628	0
14.6659	0
14.669	0
14.6721	0
14.6752	0
14.6783	0
14.6813	0
14.6844	0
14.6875	0
14.6906	0
14.6937	0
14.6968	0
14.6999	0
14.703	0
14.7061	0
14.7092	0
14.7123	0
14.7154	0
14.7185	0
14.7215	0
14.7246	0
14.7277	0
14.7308	0
14.7339	0
14.737	0
14.7401	0
14.7432	0
14.7463	0
14.7494	0
14.7525	0
14.7556	0
14.7587	0
14.7617	0
14.7648	0
14.7679	0
14.771	0
14.7741	0
14.7772	0
14.7803	0
14.7834	0
14.7865	0
14.7896	0
14.7927	0
14.7958	0
14.7988	0
14.8019	0
14.805	0
14.8081	0
14.8112	0
14.8143	0
14.8174	0
14.8205	0
14.8236	0
14.8267	0
14.8298	0
14.8329	0
14.836	0
14.839	0
14.8421	0
14.8452	0
14.8483	0
14.8514	0
14.8545	0
14.8576	0
14.8607	0
14.8638	0
14.8669	0
14.87	0
14.8731	0
14.8762	0
14.8792	0
14.8823	0
14.8854	0
14.8885	0
14.8916	0
14.8947	0
14.8978	0
14.9009	0
14.904	0
14.9071	0
14.9102	0
14.9133	0
14.9163	0
14.9194	0
14.9225	0
14.9256	0
14.9287	0
14.9318	0
14.9349	0
14.938	0
14.9411	0
14.9442	0
14.9473	0
14.9504	0
14.9535	0
14.9565	0
14.9596	0
14.9627	0
14.9658	0
14.9689	0
14.972	0
14.9751	0
14.9782	0
14.9813	0
14.9844	0
14.9875	0
14.9906	0
14.9937	0
14.9967	0
14.9998	0
15.0029	0
15.006	0
15.0091	0
15.0122	0
15.0153	0
15.0184	0
15.0215	0
15.0246	0
15.0277	0
15.0308	0
15.0338	0
15.0369	0
15.04	0
15.0431	0
15.0462	0
15.0493	0
15.0524	0
15.0555	0
15.0586	0
15.0617	0
15.0648	0
15.0679	0
15.071	0
15.074	0
15.0771	0
15.0802	0
15.0833	0
15.0864	0
15.0895	0
15.0926	0
15.0957	0
15.0988	0
15.1019	0
15.105	0
15.1081	0
15.1112	0
15.1142	0
15.1173	0
15.1204	0
15.1235	0
15.1266	0
15.1297	0
15.1328	0
15.1359	0
15.139	0
15.1421	0
15.1452	0
15.1483	0
15.1513	0
15.1544	0
15.1575	0
15.1606	0
15.1637	0
15.1668	0
15.1699	0
15.173	0
15.1761	0
15.1792	0
15.1823	0
15.1854	0
15.1885	0
15.1915	0
15.1946	0
15.1977	0
15.2008	0
15.2039	0
15.207	0
15.2101	0
15.2132	0
15.2163	0
15.2194	0
15.2225	0
15.2256	0
15.2287	0
15.2317	0
15.2348	0
15.2379	0
15.241	0
15.2441	0
15.2472	0
15.2503	0
15.2534	0
15.2565	0
15.2596	0
15.2627	0
15.2658	0
15.2688	0
15.2719	0
15.275	0
15.2781	0
15.2812	0
15.2843	0
15.2874	0
15.2905	0
15.2936	0
15.2967	0
15.2998	0
15.3029	0
15.306	0
15.309	0
15.3121	0
15.3152	0
15.3183	0
15.3214	0
15.3245	0
15.3276	0
15.3307	0
15.3338	0
15.3369	0
15.34	0
15.3431	0
15.3462	0
15.3492	0
15.3523	0
15.3554	0
15.3585	0
15.3616	0
15.3647	0
15.3678	0
15.3709	0
15.374	0
15.3771	0
15.3802	0
15.3833	0
15.3863	0
15.3894	0
15.3925	0
15.3956	0
15.3987	0
15.4018	0
15.4049	0
15.408	0
15.4111	0
15.4142	0
15.4173	0
15.4204	0
15.4235	0
15.4265	0
15.4296	0
15.4327	0
15.4358	0
15.4389	0
15.442	0
15.4451	0
15.4482	0
15.4513	0
15.4544	0
15.4575	0
15.4606	0
15.4637	0
15.4667	0
15.4698	0
15.4729	0
15.476	0
15.4791	0
15.4822	0
15.4853	0
15.4884	0
15.4915	0
15.4946	0
15.4977	0
15.5008	0
15.5038	0
15.5069	0
15.51	0
15.5131	0
15.5162	0
15.5193	0
15.5224	0
15.5255	0
15.5286	0
15.5317	0
15.5348	0
15.5379	0
15.541	0
15.544	0
15.5471	0
15.5502	0
15.5533	0
15.5564	0
15.5595	0
15.5626	0
15.5657	0
15.5688	0
15.5719	0
15.575	0
15.5781	0
15.5812	0
15.5842	0
15.5873	0
15.5904	0
15.5935	0
15.5966	0
15.5997	0
15.6028	0
15.6059	0
15.609	0
15.6121	0
15.6152	0
15.6183	0
15.6213	0
15.6244	0
15.6275	0
15.6306	0
15.6337	0
15.6368	0
15.6399	0
15.643	0
15.6461	0
15.6492	0
15.6523	0
15.6554	0
15.6585	0
15.6615	0
15.6646	0
15.6677	0
15.6708	0
15.6739	0
15.677	0
15.6801	0
15.6832	0
15.6863	0
15.6894	0
15.6925	0
15.6956	0
15.6987	0
15.7017	0
15.7048	0
15.7079	0
15.711	0
15.7141	0
15.7172	0
15.7203	0
15.7234	0
15.7265	0
15.7296	0
15.7327	0
15.7358	0
15.7389	0
15.7419	0
15.745	0
15.7481	0
15.7512	0
15.7543	0
15.7574	0
15.7605	0
15.7636	0
15.7667	0
15.7698	0
15.7729	0
15.776	0
15.779	0
15.7821	0
15.7852	0
15.7883	0
15.7914	0
15.7945	0
15.7976	0
15.8007	0
15.8038	0
15.8069	0
15.81	0
15.8131	0
15.8162	0
15.8192	0
15.8223	0
15.8254	0
15.8285	0
15.8316	0
15.8347	0
15.8378	0
15.8409	0
15.844	0
15.8471	0
15.8502	0
15.8533	0
15.8564	0
15.8594	0
15.8625	0
15.8656	0
15.8687	0
15.8718	0
15.8749	0
15.878	0
15.8811	0
15.8842	0
15.8873	0
15.8904	0
15.8935	0
15.8965	0
15.8996	0
15.9027	0
15.9058	0
15.9089	0
15.912	0
15.9151	0
15.9182	0
15.9213	0
15.9244	0
15.9275	0
15.9306	0
15.9337	0
15.9367	0
15.9398	0
15.9429	0
15.946	0
15.9491	0
15.9522	0
15.9553	0
15.9584	0
15.9615	0
15.9646	0
15.9677	0
15.9708	0
15.9739	0
15.9769	0
15.98	0
15.9831	0
15.9862	0
15.9893	0
15.9924	0
15.9955	0
15.9986	0
16.0017	0
16.0048	0
16.0079	0
16.011	0
16.014	0
16.0171	0
16.0202	0
16.0233	0
16.0264	0
16.0295	0
16.0326	0
16.0357	0
16.0388	0
16.0419	0
16.045	0
16.0481	0
16.0512	0
16.0542	0
16.0573	0
16.0604	0
16.0635	0
16.0666	0
16.0697	0
16.0728	0
16.0759	0
16.079	0
16.0821	0
16.0852	0
16.0883	0
16.0914	0
16.0944	0
16.0975	0
16.1006	0
16.1037	0
16.1068	0
16.1099	0
16.113	0
16.1161	0
16.1192	0
16.1223	0
16.1254	0
16.1285	0
16.1315	0
16.1346	0
16.1377	0
16.1408	0
16.1439	0
16.147	0
16.1501	0
16.1532	0
16.1563	0
16.1594	0
16.1625	0
16.1656	0
16.1687	0
16.1717	0
16.1748	0
16.1779	0
16.181	0
16.1841	0
16.1872	0
16.1903	0
16.1934	0
16.1965	0
16.1996	0
16.2027	0
16.2058	0
16.2089	0
16.2119	0
16.215	0
16.2181	0
16.2212	0
16.2243	0
16.2274	0
16.2305	0
16.2336	0
16.2367	0
16.2398	0
16.2429	0
16.246	0
16.249	0
16.2521	0
16.2552	0
16.2583	0
16.2614	0
16.2645	0
16.2676	0
16.2707	0
16.2738	0
16.2769	0
16.28	0
16.2831	0
16.2862	0
16.2892	0
16.2923	0
16.2954	0
16.2985	0
16.3016	0
16.3047	0
16.3078	0
16.3109	0
16.314	0
16.3171	0
16.3202	0
16.3233	0
16.3264	0
16.3294	0
16.3325	0
16.3356	0
16.3387	0
16.3418	0
16.3449	0
16.348	0
16.3511	0
16.3542	0
16.3573	0
16.3604	0
16.3635	0
16.3665	0
16.3696	0
16.3727	0
16.3758	0
16.3789	0
16.382	0
16.3851	0
16.3882	0
16.3913	0
16.3944	0
16.3975	0
16.4006	0
16.4037	0
16.4067	0
16.4098	0
16.4129	0
16.416	0
16.4191	0
16.4222	0
16.4253	0
16.4284	0
16.4315	0
16.4346	0
16.4377	0
16.4408	0
16.4439	0
16.4469	0
16.45	0
16.4531	0
16.4562	0
16.4593	0
16.4624	0
16.4655	0
16.4686	0
16.4717	0
16.4748	0
16.4779	0
16.481	0
16.484	0
16.4871	0
16.4902	0
16.4933	0
16.4964	0
16.4995	0
16.5026	0
16.5057	0
16.5088	0
16.5119	0
16.515	0
16.5181	0
16.5212	0
16.5242	0
16.5273	0
16.5304	0
16.5335	0
16.5366	0
16.5397	0
16.5428	0
16.5459	0
16.549	0
16.5521	0
16.5552	0
16.5583	0
16.5614	0
16.5644	0
16.5675	0
16.5706	0
16.5737	0
16.5768	0
16.5799	0
16.583	0
16.5861	0
16.5892	0
16.5923	0
16.5954	0
16.5985	0
16.6015	0
16.6046	0
16.6077	0
16.6108	0
16.6139	0
16.617	0
16.6201	0
16.6232	0
16.6263	0
16.6294	0
16.6325	0
16.6356	0
16.6387	0
16.6417	0
16.6448	0
16.6479	0
16.651	0
16.6541	0
16.6572	0
16.6603	0
16.6634	0
16.6665	0
16.6696	0
16.6727	0
16.6758	0
16.6789	0
16.6819	0
16.685	0
16.6881	0
16.6912	0
16.6943	0
16.6974	0
16.7005	0
16.7036	0
16.7067	0
16.7098	0
16.7129	0
16.716	0
16.719	0
16.7221	0
16.7252	0
16.7283	0
16.7314	0
16.7345	0
16.7376	0
16.7407	0
16.7438	0
16.7469	0
16.75	0
16.7531	0
16.7562	0
16.7592	0
16.7623	0
16.7654	0
16.7685	0
16.7716	0
16.7747	0
16.7778	0
16.7809	0
16.784	0
16.7871	0
16.7902	0
16.7933	0
16.7964	0
16.7994	0
16.8025	0
16.8056	0
16.8087	0
16.8118	0
16.8149	0
16.818	0
16.8211	0
16.8242	0
16.8273	0
16.8304	0
16.8335	0
16.8365	0
16.8396	0
16.8427	0
16.8458	0
16.8489	0
16.852	0
16.8551	0
16.8582	0
16.8613	0
16.8644	0
16.8675	0
16.8706	0
16.8737	0
16.8767	0
16.8798	0
16.8829	0
16.886	0
16.8891	0
16.8922	0
16.8953	0
16.8984	0
16.9015	0
16.9046	0
16.9077	0
16.9108	0
16.9139	0
16.9169	0
16.92	0
16.9231	0
16.9262	0
16.9293	0
16.9324	0
16.9355	0
16.9386	0
16.9417	0
16.9448	0
16.9479	0
16.951	0
16.9541	0
16.9571	0
16.9602	0
16.9633	0
16.9664	0
16.9695	0
16.9726	0
16.9757	0
16.9788	0
16.9819	0
16.985	0
16.9881	0
16.9912	0
16.9942	0
16.9973	0
17.0004	0
17.0035	0
17.0066	0
17.0097	0
17.0128	0
17.0159	0
17.019	0
17.0221	0
17.0252	0
17.0283	0
17.0314	0
17.0344	0
17.0375	0
17.0406	0
17.0437	0
17.0468	0
17.0499	0
17.053	0
17.0561	0
17.0592	0
17.0623	0
17.0654	0
17.0685	0
17.0716	0
17.0746	0
17.0777	0
17.0808	0
17.0839	0
17.087	0
17.0901	0
17.0932	0
17.0963	0
17.0994	0
17.1025	0
17.1056	0
17.1087	0
17.1117	0
17.1148	0
17.1179	0
17.121	0
17.1241	0
17.1272	0
17.1303	0
17.1334	0
17.1365	0
17.1396	0
17.1427	0
17.1458	0
17.1489	0
17.1519	0
17.155	0
17.1581	0
17.1612	0
17.1643	0
17.1674	0
17.1705	0
17.1736	0
17.1767	0
17.1798	0
17.1829	0
17.186	0
17.1891	0
17.1921	0
17.1952	0
17.1983	0
17.2014	0
17.2045	0
17.2076	0
17.2107	0
17.2138	0
17.2169	0
17.22	0
17.2231	0
17.2262	0
17.2292	0
17.2323	0
17.2354	0
17.2385	0
17.2416	0
17.2447	0
17.2478	0
17.2509	0
17.254	0
17.2571	0
17.2602	0
17.2633	0
17.2664	0
17.2694	0
17.2725	0
17.2756	0
17.2787	0
17.2818	0
17.2849	0
17.288	0
17.2911	0
17.2942	0
17.2973	0
17.3004	0
17.3035	0
17.3066	0
17.3096	0
17.3127	0
17.3158	0
17.3189	0
17.322	0
17.3251	0
17.3282	0
17.3313	0
17.3344	0
17.3375	0
17.3406	0
17.3437	0
17.3467	0
17.3498	0
17.3529	0
17.356	0
17.3591	0
17.3622	0
17.3653	0
17.3684	0
17.3715	0
17.3746	0
17.3777	0
17.3808	0
17.3839	0
17.3869	0
17.39	0
17.3931	0
17.3962	0
17.3993	0
17.4024	0
17.4055	0
17.4086	0
17.4117	0
17.4148	0
17.4179	0
17.421	0
17.4241	0
17.4271	0
17.4302	0
17.4333	0
17.4364	0
17.4395	0
17.4426	0
17.4457	0
17.4488	0
17.4519	0
17.455	0
17.4581	0
17.4612	0
17.4642	0
