Distance	Density
0.0	0.025
0.0031	0.0251
0.0062	0.0251
0.0093	0.0251
0.0124	0.0252
0.0155	0.0252
0.0186	0.0252
0.0216	0.0252
0.0247	0.0252
0.0278	0.0252
0.0309	0.0253
0.034	0.0253
0.0371	0.0253
0.0402	0.0253
0.0433	0.0253
0.0464	0.0253
0.0495	0.0253
0.0526	0.0253
0.0557	0.0253
0.0588	0.0253
0.0618	0.0253
0.0649	0.0252
0.068	0.0252
0.0711	0.0252
0.0742	0.0252
0.0773	0.0252
0.0804	0.0252
0.0835	0.0251
0.0866	0.0251
0.0897	0.0251
0.0928	0.0251
0.0959	0.025
0.0989	0.025
0.102	0.025
0.1051	0.0249
0.1082	0.0249
0.1113	0.0249
0.1144	0.0248
0.1175	0.0248
0.1206	0.0248
0.1237	0.0247
0.1268	0.0247
0.1299	0.0246
0.133	0.0246
0.1361	0.0245
0.1391	0.0245
0.1422	0.0244
0.1453	0.0244
0.1484	0.0243
0.1515	0.0243
0.1546	0.0242
0.1577	0.0242
0.1608	0.0241
0.1639	0.0241
0.167	0.024
0.1701	0.024
0.1732	0.0239
0.1763	0.0238
0.1793	0.0238
0.1824	0.0237
0.1855	0.0237
0.1886	0.0236
0.1917	0.0236
0.1948	0.0235
0.1979	0.0234
0.201	0.0234
0.2041	0.0233
0.2072	0.0232
0.2103	0.0232
0.2134	0.0231
0.2164	0.0231
0.2195	0.023
0.2226	0.0229
0.2257	0.0229
0.2288	0.0228
0.2319	0.0227
0.235	0.0227
0.2381	0.0226
0.2412	0.0226
0.2443	0.0225
0.2474	0.0224
0.2505	0.0224
0.2536	0.0223
0.2566	0.0223
0.2597	0.0222
0.2628	0.0221
0.2659	0.0221
0.269	0.022
0.2721	0.022
0.2752	0.0219
0.2783	0.0219
0.2814	0.0218
0.2845	0.0217
0.2876	0.0217
0.2907	0.0216
0.2938	0.0216
0.2968	0.0215
0.2999	0.0215
0.303	0.0214
0.3061	0.0214
0.3092	0.0213
0.3123	0.0213
0.3154	0.0213
0.3185	0.0212
0.3216	0.0212
0.3247	0.0211
0.3278	0.0211
0.3309	0.021
0.3339	0.021
0.337	0.021
0.3401	0.0209
0.3432	0.0209
0.3463	0.0209
0.3494	0.0208
0.3525	0.0208
0.3556	0.0208
0.3587	0.0208
0.3618	0.0207
0.3649	0.0207
0.368	0.0207
0.3711	0.0207
0.3741	0.0207
0.3772	0.0206
0.3803	0.0206
0.3834	0.0206
0.3865	0.0206
0.3896	0.0206
0.3927	0.0206
0.3958	0.0206
0.3989	0.0206
0.402	0.0206
0.4051	0.0206
0.4082	0.0206
0.4113	0.0206
0.4143	0.0206
0.4174	0.0206
0.4205	0.0206
0.4236	0.0206
0.4267	0.0206
0.4298	0.0206
0.4329	0.0206
0.436	0.0207
0.4391	0.0207
0.4422	0.0207
0.4453	0.0207
0.4484	0.0207
0.4514	0.0208
0.4545	0.0208
0.4576	0.0208
0.4607	0.0209
0.4638	0.0209
0.4669	0.0209
0.47	0.021
0.4731	0.021
0.4762	0.021
0.4793	0.0211
0.4824	0.0211
0.4855	0.0212
0.4886	0.0212
0.4916	0.0213
0.4947	0.0213
0.4978	0.0214
0.5009	0.0214
0.504	0.0215
0.5071	0.0216
0.5102	0.0216
0.5133	0.0217
0.5164	0.0218
0.5195	0.0218
0.5226	0.0219
0.5257	0.022
0.5288	0.022
0.5318	0.0221
0.5349	0.0222
0.538	0.0223
0.5411	0.0224
0.5442	0.0224
0.5473	0.0225
0.5504	0.0226
0.5535	0.0227
0.5566	0.0228
0.5597	0.0229
0.5628	0.023
0.5659	0.0231
0.5689	0.0232
0.572	0.0233
0.5751	0.0234
0.5782	0.0235
0.5813	0.0236
0.5844	0.0237
0.5875	0.0238
0.5906	0.0239
0.5937	0.024
0.5968	0.0241
0.5999	0.0242
0.603	0.0243
0.6061	0.0245
0.6091	0.0246
0.6122	0.0247
0.6153	0.0248
0.6184	0.0249
0.6215	0.0251
0.6246	0.0252
0.6277	0.0253
0.6308	0.0255
0.6339	0.0256
0.637	0.0257
0.6401	0.0259
0.6432	0.026
0.6463	0.0261
0.6493	0.0263
0.6524	0.0264
0.6555	0.0266
0.6586	0.0267
0.6617	0.0269
0.6648	0.027
0.6679	0.0272
0.671	0.0273
0.6741	0.0275
0.6772	0.0276
0.6803	0.0278
0.6834	0.0279
0.6864	0.0281
0.6895	0.0283
0.6926	0.0284
0.6957	0.0286
0.6988	0.0287
0.7019	0.0289
0.705	0.0291
0.7081	0.0293
0.7112	0.0294
0.7143	0.0296
0.7174	0.0298
0.7205	0.0299
0.7236	0.0301
0.7266	0.0303
0.7297	0.0305
0.7328	0.0307
0.7359	0.0308
0.739	0.031
0.7421	0.0312
0.7452	0.0314
0.7483	0.0316
0.7514	0.0318
0.7545	0.032
0.7576	0.0322
0.7607	0.0324
0.7638	0.0326
0.7668	0.0328
0.7699	0.033
0.773	0.0332
0.7761	0.0334
0.7792	0.0336
0.7823	0.0338
0.7854	0.034
0.7885	0.0342
0.7916	0.0344
0.7947	0.0346
0.7978	0.0348
0.8009	0.0351
0.8039	0.0353
0.807	0.0355
0.8101	0.0357
0.8132	0.0359
0.8163	0.0362
0.8194	0.0364
0.8225	0.0366
0.8256	0.0368
0.8287	0.0371
0.8318	0.0373
0.8349	0.0375
0.838	0.0378
0.8411	0.038
0.8441	0.0383
0.8472	0.0385
0.8503	0.0387
0.8534	0.039
0.8565	0.0392
0.8596	0.0395
0.8627	0.0397
0.8658	0.04
0.8689	0.0402
0.872	0.0405
0.8751	0.0407
0.8782	0.041
0.8813	0.0413
0.8843	0.0415
0.8874	0.0418
0.8905	0.042
0.8936	0.0423
0.8967	0.0426
0.8998	0.0429
0.9029	0.0431
0.906	0.0434
0.9091	0.0437
0.9122	0.044
0.9153	0.0442
0.9184	0.0445
0.9214	0.0448
0.9245	0.0451
0.9276	0.0454
0.9307	0.0457
0.9338	0.046
0.9369	0.0463
0.94	0.0466
0.9431	0.0469
0.9462	0.0472
0.9493	0.0475
0.9524	0.0478
0.9555	0.0481
0.9586	0.0484
0.9616	0.0487
0.9647	0.049
0.9678	0.0493
0.9709	0.0496
0.974	0.05
0.9771	0.0503
0.9802	0.0506
0.9833	0.0509
0.9864	0.0512
0.9895	0.0516
0.9926	0.0519
0.9957	0.0522
0.9988	0.0526
1.0018	0.0529
1.0049	0.0533
1.008	0.0536
1.0111	0.0539
1.0142	0.0543
1.0173	0.0546
1.0204	0.055
1.0235	0.0553
1.0266	0.0557
1.0297	0.056
1.0328	0.0564
1.0359	0.0568
1.0389	0.0571
1.042	0.0575
1.0451	0.0579
1.0482	0.0582
1.0513	0.0586
1.0544	0.059
1.0575	0.0594
1.0606	0.0597
1.0637	0.0601
1.0668	0.0605
1.0699	0.0609
1.073	0.0613
1.0761	0.0617
1.0791	0.062
1.0822	0.0624
1.0853	0.0628
1.0884	0.0632
1.0915	0.0636
1.0946	0.064
1.0977	0.0644
1.1008	0.0648
1.1039	0.0653
1.107	0.0657
1.1101	0.0661
1.1132	0.0665
1.1163	0.0669
1.1193	0.0673
1.1224	0.0677
1.1255	0.0682
1.1286	0.0686
1.1317	0.069
1.1348	0.0694
1.1379	0.0699
1.141	0.0703
1.1441	0.0707
1.1472	0.0712
1.1503	0.0716
1.1534	0.0721
1.1564	0.0725
1.1595	0.0729
1.1626	0.0734
1.1657	0.0738
1.1688	0.0743
1.1719	0.0747
1.175	0.0752
1.1781	0.0757
1.1812	0.0761
1.1843	0.0766
1.1874	0.077
1.1905	0.0775
1.1936	0.078
1.1966	0.0784
1.1997	0.0789
1.2028	0.0794
1.2059	0.0798
1.209	0.0803
1.2121	0.0808
1.2152	0.0813
1.2183	0.0818
1.2214	0.0822
1.2245	0.0827
1.2276	0.0832
1.2307	0.0837
1.2338	0.0842
1.2368	0.0847
1.2399	0.0852
1.243	0.0856
1.2461	0.0861
1.2492	0.0866
1.2523	0.0871
1.2554	0.0876
1.2585	0.0881
1.2616	0.0886
1.2647	0.0891
1.2678	0.0896
1.2709	0.0902
1.274	0.0907
1.277	0.0912
1.2801	0.0917
1.2832	0.0922
1.2863	0.0927
1.2894	0.0932
1.2925	0.0937
1.2956	0.0943
1.2987	0.0948
1.3018	0.0953
1.3049	0.0958
1.308	0.0963
1.3111	0.0969
1.3141	0.0974
1.3172	0.0979
1.3203	0.0984
1.3234	0.099
1.3265	0.0995
1.3296	0.1
1.3327	0.1006
1.3358	0.1011
1.3389	0.1016
1.342	0.1022
1.3451	0.1027
1.3482	0.1033
1.3513	0.1038
1.3543	0.1043
1.3574	0.1049
1.3605	0.1054
1.3636	0.106
1.3667	0.1065
1.3698	0.1071
1.3729	0.1076
1.376	0.1082
1.3791	0.1087
1.3822	0.1093
1.3853	0.1098
1.3884	0.1104
1.3915	0.1109
1.3945	0.1115
1.3976	0.112
1.4007	0.1126
1.4038	0.1132
1.4069	0.1137
1.41	0.1143
1.4131	0.1148
1.4162	0.1154
1.4193	0.116
1.4224	0.1165
1.4255	0.1171
1.4286	0.1177
1.4316	0.1182
1.4347	0.1188
1.4378	0.1194
1.4409	0.1199
1.444	0.1205
1.4471	0.1211
1.4502	0.1217
1.4533	0.1222
1.4564	0.1228
1.4595	0.1234
1.4626	0.124
1.4657	0.1245
1.4688	0.1251
1.4718	0.1257
1.4749	0.1263
1.478	0.1269
1.4811	0.1274
1.4842	0.128
1.4873	0.1286
1.4904	0.1292
1.4935	0.1298
1.4966	0.1304
1.4997	0.131
1.5028	0.1316
1.5059	0.1322
1.509	0.1327
1.512	0.1333
1.5151	0.1339
1.5182	0.1345
1.5213	0.1351
1.5244	0.1357
1.5275	0.1363
1.5306	0.1369
1.5337	0.1375
1.5368	0.1381
1.5399	0.1387
1.543	0.1393
1.5461	0.1399
1.5491	0.1406
1.5522	0.1412
1.5553	0.1418
1.5584	0.1424
1.5615	0.143
1.5646	0.1436
1.5677	0.1442
1.5708	0.1448
1.5739	0.1454
1.577	0.1461
1.5801	0.1467
1.5832	0.1473
1.5863	0.1479
1.5893	0.1485
1.5924	0.1491
1.5955	0.1498
1.5986	0.1504
1.6017	0.151
1.6048	0.1516
1.6079	0.1523
1.611	0.1529
1.6141	0.1535
1.6172	0.1542
1.6203	0.1548
1.6234	0.1554
1.6265	0.156
1.6295	0.1567
1.6326	0.1573
1.6357	0.158
1.6388	0.1586
1.6419	0.1592
1.645	0.1599
1.6481	0.1605
1.6512	0.1611
1.6543	0.1618
1.6574	0.1624
1.6605	0.1631
1.6636	0.1637
1.6666	0.1644
1.6697	0.165
1.6728	0.1657
1.6759	0.1663
1.679	0.167
1.6821	0.1676
1.6852	0.1683
1.6883	0.1689
1.6914	0.1696
1.6945	0.1702
1.6976	0.1709
1.7007	0.1715
1.7038	0.1722
1.7068	0.1728
1.7099	0.1735
1.713	0.1742
1.7161	0.1748
1.7192	0.1755
1.7223	0.1761
1.7254	0.1768
1.7285	0.1775
1.7316	0.1781
1.7347	0.1788
1.7378	0.1795
1.7409	0.1801
1.744	0.1808
1.747	0.1815
1.7501	0.1821
1.7532	0.1828
1.7563	0.1835
1.7594	0.1841
1.7625	0.1848
1.7656	0.1855
1.7687	0.1861
1.7718	0.1868
1.7749	0.1875
1.778	0.1881
1.7811	0.1888
1.7841	0.1895
1.7872	0.1902
1.7903	0.1908
1.7934	0.1915
1.7965	0.1922
1.7996	0.1928
1.8027	0.1935
1.8058	0.1942
1.8089	0.1949
1.812	0.1955
1.8151	0.1962
1.8182	0.1969
1.8213	0.1975
1.8243	0.1982
1.8274	0.1989
1.8305	0.1996
1.8336	0.2002
1.8367	0.2009
1.8398	0.2016
1.8429	0.2022
1.846	0.2029
1.8491	0.2036
1.8522	0.2042
1.8553	0.2049
1.8584	0.2056
1.8615	0.2062
1.8645	0.2069
1.8676	0.2075
1.8707	0.2082
1.8738	0.2089
1.8769	0.2095
1.88	0.2102
1.8831	0.2108
1.8862	0.2115
1.8893	0.2122
1.8924	0.2128
1.8955	0.2135
1.8986	0.2141
1.9016	0.2148
1.9047	0.2154
1.9078	0.2161
1.9109	0.2167
1.914	0.2174
1.9171	0.218
1.9202	0.2186
1.9233	0.2193
1.9264	0.2199
1.9295	0.2206
1.9326	0.2212
1.9357	0.2218
1.9388	0.2225
1.9418	0.2231
1.9449	0.2237
1.948	0.2243
1.9511	0.225
1.9542	0.2256
1.9573	0.2262
1.9604	0.2268
1.9635	0.2274
1.9666	0.2281
1.9697	0.2287
1.9728	0.2293
1.9759	0.2299
1.979	0.2305
1.982	0.2311
1.9851	0.2317
1.9882	0.2323
1.9913	0.2329
1.9944	0.2335
1.9975	0.2341
2.0006	0.2346
2.0037	0.2352
2.0068	0.2358
2.0099	0.2364
2.013	0.237
2.0161	0.2375
2.0191	0.2381
2.0222	0.2387
2.0253	0.2392
2.0284	0.2398
2.0315	0.2403
2.0346	0.2409
2.0377	0.2414
2.0408	0.242
2.0439	0.2425
2.047	0.2431
2.0501	0.2436
2.0532	0.2442
2.0563	0.2447
2.0593	0.2452
2.0624	0.2457
2.0655	0.2463
2.0686	0.2468
2.0717	0.2473
2.0748	0.2478
2.0779	0.2483
2.081	0.2488
2.0841	0.2493
2.0872	0.2498
2.0903	0.2503
2.0934	0.2508
2.0965	0.2513
2.0995	0.2518
2.1026	0.2522
2.1057	0.2527
2.1088	0.2532
2.1119	0.2536
2.115	0.2541
2.1181	0.2546
2.1212	0.255
2.1243	0.2555
2.1274	0.2559
2.1305	0.2564
2.1336	0.2568
2.1366	0.2572
2.1397	0.2577
2.1428	0.2581
2.1459	0.2585
2.149	0.259
2.1521	0.2594
2.1552	0.2598
2.1583	0.2602
2.1614	0.2606
2.1645	0.261
2.1676	0.2614
2.1707	0.2618
2.1738	0.2622
2.1768	0.2626
2.1799	0.263
2.183	0.2634
2.1861	0.2637
2.1892	0.2641
2.1923	0.2645
2.1954	0.2648
2.1985	0.2652
2.2016	0.2656
2.2047	0.2659
2.2078	0.2663
2.2109	0.2666
2.214	0.267
2.217	0.2673
2.2201	0.2676
2.2232	0.268
2.2263	0.2683
2.2294	0.2686
2.2325	0.2689
2.2356	0.2693
2.2387	0.2696
2.2418	0.2699
2.2449	0.2702
2.248	0.2705
2.2511	0.2708
2.2541	0.2711
2.2572	0.2714
2.2603	0.2717
2.2634	0.272
2.2665	0.2723
2.2696	0.2725
2.2727	0.2728
2.2758	0.2731
2.2789	0.2734
2.282	0.2736
2.2851	0.2739
2.2882	0.2741
2.2913	0.2744
2.2943	0.2747
2.2974	0.2749
2.3005	0.2752
2.3036	0.2754
2.3067	0.2757
2.3098	0.2759
2.3129	0.2761
2.316	0.2764
2.3191	0.2766
2.3222	0.2768
2.3253	0.2771
2.3284	0.2773
2.3315	0.2775
2.3345	0.2777
2.3376	0.2779
2.3407	0.2781
2.3438	0.2784
2.3469	0.2786
2.35	0.2788
2.3531	0.279
2.3562	0.2792
2.3593	0.2794
2.3624	0.2796
2.3655	0.2798
2.3686	0.28
2.3716	0.2801
2.3747	0.2803
2.3778	0.2805
2.3809	0.2807
2.384	0.2809
2.3871	0.2811
2.3902	0.2812
2.3933	0.2814
2.3964	0.2816
2.3995	0.2818
2.4026	0.2819
2.4057	0.2821
2.4088	0.2823
2.4118	0.2824
2.4149	0.2826
2.418	0.2827
2.4211	0.2829
2.4242	0.2831
2.4273	0.2832
2.4304	0.2834
2.4335	0.2835
2.4366	0.2837
2.4397	0.2838
2.4428	0.284
2.4459	0.2841
2.449	0.2843
2.452	0.2844
2.4551	0.2845
2.4582	0.2847
2.4613	0.2848
2.4644	0.285
2.4675	0.2851
2.4706	0.2852
2.4737	0.2854
2.4768	0.2855
2.4799	0.2856
2.483	0.2858
2.4861	0.2859
2.4892	0.286
2.4922	0.2861
2.4953	0.2863
2.4984	0.2864
2.5015	0.2865
2.5046	0.2866
2.5077	0.2868
2.5108	0.2869
2.5139	0.287
2.517	0.2871
2.5201	0.2872
2.5232	0.2874
2.5263	0.2875
2.5293	0.2876
2.5324	0.2877
2.5355	0.2878
2.5386	0.2879
2.5417	0.288
2.5448	0.2881
2.5479	0.2882
2.551	0.2884
2.5541	0.2885
2.5572	0.2886
2.5603	0.2887
2.5634	0.2888
2.5665	0.2889
2.5695	0.289
2.5726	0.2891
2.5757	0.2892
2.5788	0.2893
2.5819	0.2894
2.585	0.2895
2.5881	0.2896
2.5912	0.2897
2.5943	0.2898
2.5974	0.2899
2.6005	0.29
2.6036	0.29
2.6067	0.2901
2.6097	0.2902
2.6128	0.2903
2.6159	0.2904
2.619	0.2905
2.6221	0.2906
2.6252	0.2907
2.6283	0.2907
2.6314	0.2908
2.6345	0.2909
2.6376	0.291
2.6407	0.2911
2.6438	0.2912
2.6468	0.2912
2.6499	0.2913
2.653	0.2914
2.6561	0.2915
2.6592	0.2915
2.6623	0.2916
2.6654	0.2917
2.6685	0.2917
2.6716	0.2918
2.6747	0.2919
2.6778	0.292
2.6809	0.292
2.684	0.2921
2.687	0.2921
2.6901	0.2922
2.6932	0.2923
2.6963	0.2923
2.6994	0.2924
2.7025	0.2924
2.7056	0.2925
2.7087	0.2925
2.7118	0.2926
2.7149	0.2926
2.718	0.2927
2.7211	0.2927
2.7242	0.2928
2.7272	0.2928
2.7303	0.2929
2.7334	0.2929
2.7365	0.293
2.7396	0.293
2.7427	0.293
2.7458	0.2931
2.7489	0.2931
2.752	0.2931
2.7551	0.2932
2.7582	0.2932
2.7613	0.2932
2.7643	0.2932
2.7674	0.2933
2.7705	0.2933
2.7736	0.2933
2.7767	0.2933
2.7798	0.2933
2.7829	0.2933
2.786	0.2934
2.7891	0.2934
2.7922	0.2934
2.7953	0.2934
2.7984	0.2934
2.8015	0.2934
2.8045	0.2934
2.8076	0.2934
2.8107	0.2934
2.8138	0.2934
2.8169	0.2933
2.82	0.2933
2.8231	0.2933
2.8262	0.2933
2.8293	0.2933
2.8324	0.2933
2.8355	0.2932
2.8386	0.2932
2.8417	0.2932
2.8447	0.2932
2.8478	0.2931
2.8509	0.2931
2.854	0.2931
2.8571	0.293
2.8602	0.293
2.8633	0.293
2.8664	0.2929
2.8695	0.2929
2.8726	0.2928
2.8757	0.2928
2.8788	0.2927
2.8818	0.2927
2.8849	0.2926
2.888	0.2925
2.8911	0.2925
2.8942	0.2924
2.8973	0.2923
2.9004	0.2923
2.9035	0.2922
2.9066	0.2921
2.9097	0.292
2.9128	0.292
2.9159	0.2919
2.919	0.2918
2.922	0.2917
2.9251	0.2916
2.9282	0.2915
2.9313	0.2915
2.9344	0.2914
2.9375	0.2913
2.9406	0.2912
2.9437	0.2911
2.9468	0.291
2.9499	0.2909
2.953	0.2907
2.9561	0.2906
2.9592	0.2905
2.9622	0.2904
2.9653	0.2903
2.9684	0.2902
2.9715	0.2901
2.9746	0.2899
2.9777	0.2898
2.9808	0.2897
2.9839	0.2896
2.987	0.2894
2.9901	0.2893
2.9932	0.2892
2.9963	0.289
2.9993	0.2889
3.0024	0.2887
3.0055	0.2886
3.0086	0.2885
3.0117	0.2883
3.0148	0.2882
3.0179	0.288
3.021	0.2879
3.0241	0.2877
3.0272	0.2875
3.0303	0.2874
3.0334	0.2872
3.0365	0.2871
3.0395	0.2869
3.0426	0.2867
3.0457	0.2866
3.0488	0.2864
3.0519	0.2863
3.055	0.2861
3.0581	0.2859
3.0612	0.2857
3.0643	0.2856
3.0674	0.2854
3.0705	0.2852
3.0736	0.285
3.0767	0.2849
3.0797	0.2847
3.0828	0.2845
3.0859	0.2843
3.089	0.2841
3.0921	0.2839
3.0952	0.2838
3.0983	0.2836
3.1014	0.2834
3.1045	0.2832
3.1076	0.283
3.1107	0.2828
3.1138	0.2826
3.1168	0.2824
3.1199	0.2822
3.123	0.282
3.1261	0.2818
3.1292	0.2816
3.1323	0.2814
3.1354	0.2813
3.1385	0.2811
3.1416	0.2809
3.1447	0.2807
3.1478	0.2805
3.1509	0.2803
3.154	0.2801
3.157	0.2799
3.1601	0.2797
3.1632	0.2795
3.1663	0.2792
3.1694	0.279
3.1725	0.2788
3.1756	0.2786
3.1787	0.2784
3.1818	0.2782
3.1849	0.278
3.188	0.2778
3.1911	0.2776
3.1942	0.2774
3.1972	0.2772
3.2003	0.277
3.2034	0.2768
3.2065	0.2766
3.2096	0.2764
3.2127	0.2762
3.2158	0.276
3.2189	0.2758
3.222	0.2756
3.2251	0.2754
3.2282	0.2752
3.2313	0.275
3.2343	0.2748
3.2374	0.2746
3.2405	0.2744
3.2436	0.2742
3.2467	0.274
3.2498	0.2738
3.2529	0.2736
3.256	0.2734
3.2591	0.2732
3.2622	0.273
3.2653	0.2728
3.2684	0.2726
3.2715	0.2724
3.2745	0.2722
3.2776	0.272
3.2807	0.2718
3.2838	0.2716
3.2869	0.2714
3.29	0.2712
3.2931	0.271
3.2962	0.2708
3.2993	0.2706
3.3024	0.2704
3.3055	0.2703
3.3086	0.2701
3.3117	0.2699
3.3147	0.2697
3.3178	0.2695
3.3209	0.2693
3.324	0.2691
3.3271	0.269
3.3302	0.2688
3.3333	0.2686
3.3364	0.2684
3.3395	0.2682
3.3426	0.2681
3.3457	0.2679
3.3488	0.2677
3.3518	0.2675
3.3549	0.2674
3.358	0.2672
3.3611	0.267
3.3642	0.2668
3.3673	0.2667
3.3704	0.2665
3.3735	0.2663
3.3766	0.2662
3.3797	0.266
3.3828	0.2659
3.3859	0.2657
3.389	0.2655
3.392	0.2654
3.3951	0.2652
3.3982	0.2651
3.4013	0.2649
3.4044	0.2647
3.4075	0.2646
3.4106	0.2644
3.4137	0.2643
3.4168	0.2641
3.4199	0.264
3.423	0.2638
3.4261	0.2637
3.4292	0.2635
3.4322	0.2634
3.4353	0.2633
3.4384	0.2631
3.4415	0.263
3.4446	0.2628
3.4477	0.2627
3.4508	0.2626
3.4539	0.2624
3.457	0.2623
3.4601	0.2622
3.4632	0.262
3.4663	0.2619
3.4693	0.2618
3.4724	0.2616
3.4755	0.2615
3.4786	0.2614
3.4817	0.2613
3.4848	0.2611
3.4879	0.261
3.491	0.2609
3.4941	0.2608
3.4972	0.2607
3.5003	0.2606
3.5034	0.2604
3.5065	0.2603
3.5095	0.2602
3.5126	0.2601
3.5157	0.26
3.5188	0.2599
3.5219	0.2598
3.525	0.2597
3.5281	0.2596
3.5312	0.2595
3.5343	0.2594
3.5374	0.2593
3.5405	0.2592
3.5436	0.2591
3.5467	0.259
3.5497	0.2589
3.5528	0.2588
3.5559	0.2587
3.559	0.2586
3.5621	0.2585
3.5652	0.2585
3.5683	0.2584
3.5714	0.2583
3.5745	0.2582
3.5776	0.2581
3.5807	0.2581
3.5838	0.258
3.5868	0.2579
3.5899	0.2578
3.593	0.2578
3.5961	0.2577
3.5992	0.2576
3.6023	0.2576
3.6054	0.2575
3.6085	0.2574
3.6116	0.2574
3.6147	0.2573
3.6178	0.2573
3.6209	0.2572
3.624	0.2572
3.627	0.2571
3.6301	0.257
3.6332	0.257
3.6363	0.257
3.6394	0.2569
3.6425	0.2569
3.6456	0.2568
3.6487	0.2568
3.6518	0.2567
3.6549	0.2567
3.658	0.2567
3.6611	0.2566
3.6642	0.2566
3.6672	0.2566
3.6703	0.2566
3.6734	0.2565
3.6765	0.2565
3.6796	0.2565
3.6827	0.2565
3.6858	0.2565
3.6889	0.2565
3.692	0.2564
3.6951	0.2564
3.6982	0.2564
3.7013	0.2564
3.7044	0.2564
3.7074	0.2564
3.7105	0.2564
3.7136	0.2564
3.7167	0.2564
3.7198	0.2564
3.7229	0.2564
3.726	0.2565
3.7291	0.2565
3.7322	0.2565
3.7353	0.2565
3.7384	0.2565
3.7415	0.2566
3.7445	0.2566
3.7476	0.2566
3.7507	0.2566
3.7538	0.2567
3.7569	0.2567
3.76	0.2567
3.7631	0.2568
3.7662	0.2568
3.7693	0.2569
3.7724	0.2569
3.7755	0.257
3.7786	0.257
3.7817	0.2571
3.7847	0.2571
3.7878	0.2572
3.7909	0.2572
3.794	0.2573
3.7971	0.2574
3.8002	0.2574
3.8033	0.2575
3.8064	0.2576
3.8095	0.2577
3.8126	0.2577
3.8157	0.2578
3.8188	0.2579
3.8219	0.258
3.8249	0.2581
3.828	0.2582
3.8311	0.2583
3.8342	0.2584
3.8373	0.2585
3.8404	0.2586
3.8435	0.2587
3.8466	0.2588
3.8497	0.2589
3.8528	0.259
3.8559	0.2591
3.859	0.2592
3.862	0.2593
3.8651	0.2594
3.8682	0.2596
3.8713	0.2597
3.8744	0.2598
3.8775	0.2599
3.8806	0.2601
3.8837	0.2602
3.8868	0.2603
3.8899	0.2605
3.893	0.2606
3.8961	0.2607
3.8992	0.2609
3.9022	0.261
3.9053	0.2612
3.9084	0.2613
3.9115	0.2615
3.9146	0.2616
3.9177	0.2618
3.9208	0.2619
3.9239	0.2621
3.927	0.2622
3.9301	0.2624
3.9332	0.2626
3.9363	0.2627
3.9394	0.2629
3.9424	0.263
3.9455	0.2632
3.9486	0.2634
3.9517	0.2635
3.9548	0.2637
3.9579	0.2639
3.961	0.2641
3.9641	0.2642
3.9672	0.2644
3.9703	0.2646
3.9734	0.2648
3.9765	0.2649
3.9795	0.2651
3.9826	0.2653
3.9857	0.2655
3.9888	0.2657
3.9919	0.2658
3.995	0.266
3.9981	0.2662
4.0012	0.2664
4.0043	0.2666
4.0074	0.2667
4.0105	0.2669
4.0136	0.2671
4.0167	0.2673
4.0197	0.2675
4.0228	0.2677
4.0259	0.2678
4.029	0.268
4.0321	0.2682
4.0352	0.2684
4.0383	0.2686
4.0414	0.2688
4.0445	0.2689
4.0476	0.2691
4.0507	0.2693
4.0538	0.2695
4.0569	0.2696
4.0599	0.2698
4.063	0.27
4.0661	0.2702
4.0692	0.2704
4.0723	0.2705
4.0754	0.2707
4.0785	0.2709
4.0816	0.271
4.0847	0.2712
4.0878	0.2714
4.0909	0.2715
4.094	0.2717
4.097	0.2719
4.1001	0.272
4.1032	0.2722
4.1063	0.2723
4.1094	0.2725
4.1125	0.2726
4.1156	0.2728
4.1187	0.2729
4.1218	0.2731
4.1249	0.2732
4.128	0.2734
4.1311	0.2735
4.1342	0.2736
4.1372	0.2738
4.1403	0.2739
4.1434	0.274
4.1465	0.2742
4.1496	0.2743
4.1527	0.2744
4.1558	0.2745
4.1589	0.2746
4.162	0.2747
4.1651	0.2748
4.1682	0.2749
4.1713	0.275
4.1744	0.2751
4.1774	0.2752
4.1805	0.2753
4.1836	0.2754
4.1867	0.2755
4.1898	0.2756
4.1929	0.2757
4.196	0.2757
4.1991	0.2758
4.2022	0.2759
4.2053	0.2759
4.2084	0.276
4.2115	0.2761
4.2145	0.2761
4.2176	0.2762
4.2207	0.2762
4.2238	0.2762
4.2269	0.2763
4.23	0.2763
4.2331	0.2763
4.2362	0.2764
4.2393	0.2764
4.2424	0.2764
4.2455	0.2764
4.2486	0.2764
4.2517	0.2764
4.2547	0.2764
4.2578	0.2764
4.2609	0.2764
4.264	0.2764
4.2671	0.2764
4.2702	0.2764
4.2733	0.2763
4.2764	0.2763
4.2795	0.2763
4.2826	0.2762
4.2857	0.2762
4.2888	0.2761
4.2919	0.2761
4.2949	0.276
4.298	0.276
4.3011	0.2759
4.3042	0.2758
4.3073	0.2758
4.3104	0.2757
4.3135	0.2756
4.3166	0.2755
4.3197	0.2754
4.3228	0.2753
4.3259	0.2752
4.329	0.2751
4.332	0.275
4.3351	0.2749
4.3382	0.2748
4.3413	0.2746
4.3444	0.2745
4.3475	0.2744
4.3506	0.2742
4.3537	0.2741
4.3568	0.2739
4.3599	0.2738
4.363	0.2736
4.3661	0.2735
4.3692	0.2733
4.3722	0.2731
4.3753	0.273
4.3784	0.2728
4.3815	0.2726
4.3846	0.2724
4.3877	0.2722
4.3908	0.272
4.3939	0.2718
4.397	0.2716
4.4001	0.2714
4.4032	0.2712
4.4063	0.271
4.4094	0.2708
4.4124	0.2705
4.4155	0.2703
4.4186	0.2701
4.4217	0.2698
4.4248	0.2696
4.4279	0.2693
4.431	0.2691
4.4341	0.2688
4.4372	0.2686
4.4403	0.2683
4.4434	0.268
4.4465	0.2678
4.4495	0.2675
4.4526	0.2672
4.4557	0.2669
4.4588	0.2666
4.4619	0.2663
4.465	0.266
4.4681	0.2657
4.4712	0.2654
4.4743	0.2651
4.4774	0.2648
4.4805	0.2645
4.4836	0.2641
4.4867	0.2638
4.4897	0.2635
4.4928	0.2631
4.4959	0.2628
4.499	0.2624
4.5021	0.2621
4.5052	0.2617
4.5083	0.2614
4.5114	0.261
4.5145	0.2606
4.5176	0.2602
4.5207	0.2599
4.5238	0.2595
4.5269	0.2591
4.5299	0.2587
4.533	0.2583
4.5361	0.2579
4.5392	0.2575
4.5423	0.2571
4.5454	0.2567
4.5485	0.2562
4.5516	0.2558
4.5547	0.2554
4.5578	0.255
4.5609	0.2545
4.564	0.2541
4.567	0.2536
4.5701	0.2532
4.5732	0.2527
4.5763	0.2523
4.5794	0.2518
4.5825	0.2513
4.5856	0.2508
4.5887	0.2504
4.5918	0.2499
4.5949	0.2494
4.598	0.2489
4.6011	0.2484
4.6042	0.2479
4.6072	0.2474
4.6103	0.2469
4.6134	0.2463
4.6165	0.2458
4.6196	0.2453
4.6227	0.2447
4.6258	0.2442
4.6289	0.2437
4.632	0.2431
4.6351	0.2425
4.6382	0.242
4.6413	0.2414
4.6444	0.2408
4.6474	0.2403
4.6505	0.2397
4.6536	0.2391
4.6567	0.2385
4.6598	0.2379
4.6629	0.2373
4.666	0.2367
4.6691	0.2361
4.6722	0.2355
4.6753	0.2348
4.6784	0.2342
4.6815	0.2336
4.6845	0.2329
4.6876	0.2323
4.6907	0.2316
4.6938	0.231
4.6969	0.2303
4.7	0.2296
4.7031	0.229
4.7062	0.2283
4.7093	0.2276
4.7124	0.2269
4.7155	0.2262
4.7186	0.2255
4.7217	0.2248
4.7247	0.2241
4.7278	0.2234
4.7309	0.2226
4.734	0.2219
4.7371	0.2212
4.7402	0.2204
4.7433	0.2197
4.7464	0.2189
4.7495	0.2182
4.7526	0.2174
4.7557	0.2166
4.7588	0.2159
4.7619	0.2151
4.7649	0.2143
4.768	0.2135
4.7711	0.2127
4.7742	0.2119
4.7773	0.2111
4.7804	0.2103
4.7835	0.2095
4.7866	0.2086
4.7897	0.2078
4.7928	0.207
4.7959	0.2061
4.799	0.2053
4.802	0.2044
4.8051	0.2036
4.8082	0.2027
4.8113	0.2019
4.8144	0.201
4.8175	0.2001
4.8206	0.1992
4.8237	0.1984
4.8268	0.1975
4.8299	0.1966
4.833	0.1957
4.8361	0.1948
4.8392	0.1939
4.8422	0.1929
4.8453	0.192
4.8484	0.1911
4.8515	0.1902
4.8546	0.1892
4.8577	0.1883
4.8608	0.1874
4.8639	0.1864
4.867	0.1855
4.8701	0.1845
4.8732	0.1836
4.8763	0.1826
4.8794	0.1816
4.8824	0.1807
4.8855	0.1797
4.8886	0.1787
4.8917	0.1777
4.8948	0.1768
4.8979	0.1758
4.901	0.1748
4.9041	0.1738
4.9072	0.1728
4.9103	0.1718
4.9134	0.1708
4.9165	0.1698
4.9196	0.1688
4.9226	0.1678
4.9257	0.1668
4.9288	0.1658
4.9319	0.1647
4.935	0.1637
4.9381	0.1627
4.9412	0.1617
4.9443	0.1607
4.9474	0.1596
4.9505	0.1586
4.9536	0.1576
4.9567	0.1566
4.9597	0.1555
4.9628	0.1545
4.9659	0.1535
4.969	0.1524
4.9721	0.1514
4.9752	0.1503
4.9783	0.1493
4.9814	0.1483
4.9845	0.1472
4.9876	0.1462
4.9907	0.1451
4.9938	0.1441
4.9969	0.1431
4.9999	0.142
5.003	0.141
5.0061	0.1399
5.0092	0.1389
5.0123	0.1379
5.0154	0.1368
5.0185	0.1358
5.0216	0.1347
5.0247	0.1337
5.0278	0.1327
5.0309	0.1316
5.034	0.1306
5.0371	0.1296
5.0401	0.1285
5.0432	0.1275
5.0463	0.1265
5.0494	0.1254
5.0525	0.1244
5.0556	0.1234
5.0587	0.1224
5.0618	0.1213
5.0649	0.1203
5.068	0.1193
5.0711	0.1183
5.0742	0.1173
5.0772	0.1163
5.0803	0.1153
5.0834	0.1143
5.0865	0.1132
5.0896	0.1123
5.0927	0.1113
5.0958	0.1103
5.0989	0.1093
5.102	0.1083
5.1051	0.1073
5.1082	0.1063
5.1113	0.1053
5.1144	0.1044
5.1174	0.1034
5.1205	0.1024
5.1236	0.1015
5.1267	0.1005
5.1298	0.0996
5.1329	0.0986
5.136	0.0977
5.1391	0.0967
5.1422	0.0958
5.1453	0.0948
5.1484	0.0939
5.1515	0.093
5.1546	0.0921
5.1576	0.0911
5.1607	0.0902
5.1638	0.0893
5.1669	0.0884
5.17	0.0875
5.1731	0.0866
5.1762	0.0857
5.1793	0.0848
5.1824	0.084
5.1855	0.0831
5.1886	0.0822
5.1917	0.0814
5.1947	0.0805
5.1978	0.0796
5.2009	0.0788
5.204	0.0779
5.2071	0.0771
5.2102	0.0763
5.2133	0.0754
5.2164	0.0746
5.2195	0.0738
5.2226	0.073
5.2257	0.0722
5.2288	0.0714
5.2319	0.0706
5.2349	0.0698
5.238	0.069
5.2411	0.0682
5.2442	0.0675
5.2473	0.0667
5.2504	0.0659
5.2535	0.0652
5.2566	0.0644
5.2597	0.0637
5.2628	0.0629
5.2659	0.0622
5.269	0.0615
5.2721	0.0607
5.2751	0.06
5.2782	0.0593
5.2813	0.0586
5.2844	0.0579
5.2875	0.0572
5.2906	0.0565
5.2937	0.0558
5.2968	0.0552
5.2999	0.0545
5.303	0.0538
5.3061	0.0532
5.3092	0.0525
5.3122	0.0518
5.3153	0.0512
5.3184	0.0506
5.3215	0.0499
5.3246	0.0493
5.3277	0.0487
5.3308	0.0481
5.3339	0.0475
5.337	0.0469
5.3401	0.0463
5.3432	0.0457
5.3463	0.0451
5.3494	0.0445
5.3524	0.0439
5.3555	0.0433
5.3586	0.0428
5.3617	0.0422
5.3648	0.0417
5.3679	0.0411
5.371	0.0406
5.3741	0.04
5.3772	0.0395
5.3803	0.039
5.3834	0.0384
5.3865	0.0379
5.3896	0.0374
5.3926	0.0369
5.3957	0.0364
5.3988	0.0359
5.4019	0.0354
5.405	0.0349
5.4081	0.0344
5.4112	0.034
5.4143	0.0335
5.4174	0.033
5.4205	0.0326
5.4236	0.0321
5.4267	0.0317
5.4297	0.0312
5.4328	0.0308
5.4359	0.0303
5.439	0.0299
5.4421	0.0295
5.4452	0.0291
5.4483	0.0286
5.4514	0.0282
5.4545	0.0278
5.4576	0.0274
5.4607	0.027
5.4638	0.0266
5.4669	0.0262
5.4699	0.0258
5.473	0.0255
5.4761	0.0251
5.4792	0.0247
5.4823	0.0244
5.4854	0.024
5.4885	0.0236
5.4916	0.0233
5.4947	0.0229
5.4978	0.0226
5.5009	0.0222
5.504	0.0219
5.5071	0.0216
5.5101	0.0212
5.5132	0.0209
5.5163	0.0206
5.5194	0.0203
5.5225	0.02
5.5256	0.0196
5.5287	0.0193
5.5318	0.019
5.5349	0.0187
5.538	0.0184
5.5411	0.0181
5.5442	0.0179
5.5472	0.0176
5.5503	0.0173
5.5534	0.017
5.5565	0.0167
5.5596	0.0165
5.5627	0.0162
5.5658	0.0159
5.5689	0.0157
5.572	0.0154
5.5751	0.0152
5.5782	0.0149
5.5813	0.0147
5.5844	0.0144
5.5874	0.0142
5.5905	0.014
5.5936	0.0137
5.5967	0.0135
5.5998	0.0133
5.6029	0.013
5.606	0.0128
5.6091	0.0126
5.6122	0.0124
5.6153	0.0122
5.6184	0.012
5.6215	0.0118
5.6246	0.0116
5.6276	0.0114
5.6307	0.0112
5.6338	0.011
5.6369	0.0108
5.64	0.0106
5.6431	0.0104
5.6462	0.0102
5.6493	0.01
5.6524	0.0099
5.6555	0.0097
5.6586	0.0095
5.6617	0.0093
5.6647	0.0092
5.6678	0.009
5.6709	0.0088
5.674	0.0087
5.6771	0.0085
5.6802	0.0084
5.6833	0.0082
5.6864	0.0081
5.6895	0.0079
5.6926	0.0078
5.6957	0.0076
5.6988	0.0075
5.7019	0.0073
5.7049	0.0072
5.708	0.0071
5.7111	0.0069
5.7142	0.0068
5.7173	0.0067
5.7204	0.0065
5.7235	0.0064
5.7266	0.0063
5.7297	0.0062
5.7328	0.0061
5.7359	0.0059
5.739	0.0058
5.7421	0.0057
5.7451	0.0056
5.7482	0.0055
5.7513	0.0054
5.7544	0.0053
5.7575	0.0052
5.7606	0.0051
5.7637	0.005
5.7668	0.0049
5.7699	0.0048
5.773	0.0047
5.7761	0.0046
5.7792	0.0045
5.7822	0.0044
5.7853	0.0043
5.7884	0.0042
5.7915	0.0041
5.7946	0.004
5.7977	0.004
5.8008	0.0039
5.8039	0.0038
5.807	0.0037
5.8101	0.0036
5.8132	0.0036
5.8163	0.0035
5.8194	0.0034
5.8224	0.0033
5.8255	0.0033
5.8286	0.0032
5.8317	0.0031
5.8348	0.0031
5.8379	0.003
5.841	0.0029
5.8441	0.0029
5.8472	0.0028
5.8503	0.0027
5.8534	0.0027
5.8565	0.0026
5.8596	0.0026
5.8626	0.0025
5.8657	0.0024
5.8688	0.0024
5.8719	0.0023
5.875	0.0023
5.8781	0.0022
5.8812	0.0022
5.8843	0.0021
5.8874	0.0021
5.8905	0.002
5.8936	0.002
5.8967	0.0019
5.8997	0.0019
5.9028	0.0019
5.9059	0.0018
5.909	0.0018
5.9121	0.0017
5.9152	0.0017
5.9183	0.0016
5.9214	0.0016
5.9245	0.0016
5.9276	0.0015
5.9307	0.0015
5.9338	0.0015
5.9369	0.0014
5.9399	0.0014
5.943	0.0014
5.9461	0.0013
5.9492	0.0013
5.9523	0.0013
5.9554	0.0012
5.9585	0.0012
5.9616	0.0012
5.9647	0.0011
5.9678	0.0011
5.9709	0.0011
5.974	0.0011
5.9771	0.001
5.9801	0.001
5.9832	0.001
5.9863	0.001
5.9894	0.0009
5.9925	0.0009
5.9956	0.0009
5.9987	0.0009
6.0018	0.0008
6.0049	0.0008
6.008	0.0008
6.0111	0.0008
6.0142	0.0008
6.0172	0.0007
6.0203	0.0007
6.0234	0.0007
6.0265	0.0007
6.0296	0.0007
6.0327	0.0006
6.0358	0.0006
6.0389	0.0006
6.042	0.0006
6.0451	0.0006
6.0482	0.0006
6.0513	0.0005
6.0544	0.0005
6.0574	0.0005
6.0605	0.0005
6.0636	0.0005
6.0667	0.0005
6.0698	0.0005
6.0729	0.0004
6.076	0.0004
6.0791	0.0004
6.0822	0.0004
6.0853	0.0004
6.0884	0.0004
6.0915	0.0004
6.0946	0.0004
6.0976	0.0004
6.1007	0.0003
6.1038	0.0003
6.1069	0.0003
6.11	0.0003
6.1131	0.0003
6.1162	0.0003
6.1193	0.0003
6.1224	0.0003
6.1255	0.0003
6.1286	0.0003
6.1317	0.0003
6.1348	0.0003
6.1378	0.0002
6.1409	0.0002
6.144	0.0002
6.1471	0.0002
6.1502	0.0002
6.1533	0.0002
6.1564	0.0002
6.1595	0.0002
6.1626	0.0002
6.1657	0.0002
6.1688	0.0002
6.1719	0.0002
6.1749	0.0002
6.178	0.0002
6.1811	0.0002
6.1842	0.0002
6.1873	0.0001
6.1904	0.0001
6.1935	0.0001
6.1966	0.0001
6.1997	0.0001
6.2028	0.0001
6.2059	0.0001
6.209	0.0001
6.2121	0.0001
6.2151	0.0001
6.2182	0.0001
6.2213	0.0001
6.2244	0.0001
6.2275	0.0001
6.2306	0.0001
6.2337	0.0001
6.2368	0.0001
6.2399	0.0001
6.243	0.0001
6.2461	0.0001
6.2492	0.0001
6.2523	0.0001
6.2553	0.0001
6.2584	0.0001
6.2615	0.0001
6.2646	0.0001
6.2677	0.0001
6.2708	0.0001
6.2739	0.0001
6.277	0.0001
6.2801	0.0001
6.2832	0.0001
6.2863	0.0001
6.2894	0.0001
6.2924	0.0
6.2955	0.0
6.2986	0.0
6.3017	0.0
6.3048	0.0
6.3079	0.0
6.311	0.0
6.3141	0.0
6.3172	0.0
6.3203	0.0
6.3234	0.0
6.3265	0.0
6.3296	0.0
6.3326	0.0
6.3357	0.0
6.3388	0.0
6.3419	0.0
6.345	0.0
6.3481	0.0
6.3512	0.0
6.3543	0.0
6.3574	0.0
6.3605	0.0
6.3636	0.0
6.3667	0.0
6.3698	0.0
6.3728	0.0
6.3759	0.0
6.379	0.0
6.3821	0.0
6.3852	0.0
6.3883	0.0
6.3914	0.0
6.3945	0.0
6.3976	0.0
6.4007	0.0
6.4038	0.0
6.4069	0.0
6.4099	0.0
6.413	0.0
6.4161	0.0
6.4192	0.0
6.4223	0.0
6.4254	0.0
6.4285	0.0
6.4316	0.0
6.4347	0.0
6.4378	0.0
6.4409	0.0
6.444	0.0
6.4471	0.0
6.4501	0.0
6.4532	0.0
6.4563	0.0
6.4594	0.0
6.4625	0.0
6.4656	0.0
6.4687	0.0
6.4718	0.0
6.4749	0.0
6.478	0.0
6.4811	0.0
6.4842	0.0
6.4873	0.0
6.4903	0.0
6.4934	0.0
6.4965	0.0
6.4996	0.0
6.5027	0.0
6.5058	0.0
6.5089	0.0
6.512	0.0
6.5151	0.0
6.5182	0.0
6.5213	0.0
6.5244	0.0
6.5274	0.0
6.5305	0.0
6.5336	0.0
6.5367	0.0
6.5398	0.0
6.5429	0.0
6.546	0.0
6.5491	0.0
6.5522	0.0
6.5553	0.0
6.5584	0.0
6.5615	0.0
6.5646	0.0
6.5676	0.0
6.5707	0.0
6.5738	0.0
6.5769	0.0
6.58	0.0
6.5831	0.0
6.5862	0.0
6.5893	0.0
6.5924	0.0
6.5955	0.0
6.5986	0.0
6.6017	0.0
6.6048	0.0
6.6078	0.0
6.6109	0.0
6.614	0.0
6.6171	0.0
6.6202	0.0
6.6233	0.0
6.6264	0.0
6.6295	0.0
6.6326	0.0
6.6357	0.0
6.6388	0.0
6.6419	0.0
6.6449	0.0
6.648	0.0
6.6511	0.0
6.6542	0.0
6.6573	0.0
6.6604	0.0
6.6635	0.0
6.6666	0.0
6.6697	0.0
6.6728	0.0
6.6759	0.0
6.679	0.0
6.6821	0.0
6.6851	0.0
6.6882	0.0
6.6913	0.0
6.6944	0.0
6.6975	0.0
6.7006	0.0
6.7037	0.0
6.7068	0.0
6.7099	0.0
6.713	0.0
6.7161	0.0
6.7192	0.0
6.7223	0.0
6.7253	0.0
6.7284	0.0
6.7315	0.0
6.7346	0.0
6.7377	0.0
6.7408	0.0
6.7439	0.0
6.747	0.0
6.7501	0.0
6.7532	0.0
6.7563	0.0
6.7594	0.0
6.7624	0.0
6.7655	0.0
6.7686	0.0
6.7717	0.0
6.7748	0.0
6.7779	0.0
6.781	0.0
6.7841	0.0
6.7872	0.0
6.7903	0.0
6.7934	0.0
6.7965	0.0
6.7996	0.0
6.8026	0.0
6.8057	0.0
6.8088	0.0
6.8119	0.0
6.815	0.0
6.8181	0.0
6.8212	0.0
6.8243	0.0
6.8274	0.0
6.8305	0.0
6.8336	0.0
6.8367	0.0
6.8398	0.0
6.8428	0.0
6.8459	0.0
6.849	0.0
6.8521	0.0
6.8552	0.0
6.8583	0.0
6.8614	0.0
6.8645	0.0
6.8676	0.0
6.8707	0.0
6.8738	0.0
6.8769	0.0
6.8799	0.0
6.883	0.0
6.8861	0.0
6.8892	0.0
6.8923	0.0
6.8954	0.0
6.8985	0.0
6.9016	0.0
6.9047	0.0
6.9078	0.0
6.9109	0.0
6.914	0.0
6.9171	0.0
6.9201	0.0
6.9232	0.0
6.9263	0.0
6.9294	0.0
6.9325	0.0
6.9356	0.0
6.9387	0.0
6.9418	0.0
6.9449	0.0
6.948	0.0
6.9511	0.0
6.9542	0.0
6.9573	0.0
6.9603	0.0
6.9634	0.0
6.9665	0.0
6.9696	0.0
6.9727	0.0
6.9758	0.0
6.9789	0.0
6.982	0.0
6.9851	0.0
6.9882	0.0
6.9913	0.0
6.9944	0.0
6.9974	0.0
7.0005	0.0
7.0036	0.0
7.0067	0.0
7.0098	0.0
7.0129	0.0
7.016	0.0
7.0191	0.0
7.0222	0.0
7.0253	0.0
7.0284	0.0
7.0315	0.0
7.0346	0.0
7.0376	0.0
7.0407	0.0
7.0438	0.0
7.0469	0.0
7.05	0.0
7.0531	0.0
7.0562	0.0
7.0593	0.0
7.0624	0.0
7.0655	0.0
7.0686	0.0
7.0717	0.0
7.0748	0.0
7.0778	0.0
7.0809	0.0
7.084	0.0
7.0871	0.0
7.0902	0.0
7.0933	0.0
7.0964	0.0
7.0995	0.0
7.1026	0.0
7.1057	0.0
7.1088	0.0
7.1119	0.0
7.1149	0.0
7.118	0.0
7.1211	0.0
7.1242	0.0
7.1273	0.0
7.1304	0.0
7.1335	0.0
7.1366	0.0
7.1397	0.0
7.1428	0.0
7.1459	0.0
7.149	0.0
7.1521	0.0
7.1551	0.0
7.1582	0.0
7.1613	0.0
7.1644	0.0
7.1675	0.0
7.1706	0.0
7.1737	0.0
7.1768	0.0
7.1799	0.0
7.183	0.0
7.1861	0.0
7.1892	0.0
7.1923	0.0
7.1953	0.0
7.1984	0.0
7.2015	0.0
7.2046	0.0
7.2077	0.0
7.2108	0.0
7.2139	0.0
7.217	0.0
7.2201	0.0
7.2232	0.0
7.2263	0.0
7.2294	0.0
7.2325	0.0
7.2355	0.0
7.2386	0.0
7.2417	0.0
7.2448	0.0
7.2479	0.0
7.251	0.0
7.2541	0.0
7.2572	0.0
7.2603	0.0
7.2634	0.0
7.2665	0.0
7.2696	0.0
7.2726	0.0
7.2757	0.0
7.2788	0.0
7.2819	0.0
7.285	0.0
7.2881	0.0
7.2912	0.0
7.2943	0.0
7.2974	0.0
7.3005	0.0
7.3036	0.0
7.3067	0.0
7.3098	0.0
7.3128	0.0
7.3159	0.0
7.319	0.0
7.3221	0.0
7.3252	0.0
7.3283	0.0
7.3314	0.0
7.3345	0.0
7.3376	0.0
7.3407	0.0
7.3438	0.0
7.3469	0.0
7.35	0.0
7.353	0.0
7.3561	0.0
7.3592	0.0
7.3623	0.0
7.3654	0.0
7.3685	0.0
7.3716	0.0
7.3747	0.0
7.3778	0.0
7.3809	0.0
7.384	0.0
7.3871	0.0
7.3901	0.0
7.3932	0.0
7.3963	0.0
7.3994	0.0
7.4025	0.0
7.4056	0.0
7.4087	0.0
7.4118	0.0
7.4149	0.0
7.418	0.0
7.4211	0.0
7.4242	0.0
7.4273	0.0
7.4303	0.0
7.4334	0.0
7.4365	0.0
7.4396	0.0
7.4427	0.0
7.4458	0.0
7.4489	0.0
7.452	0.0
7.4551	0.0
7.4582	0.0
7.4613	0.0
7.4644	0.0
7.4675	0.0
7.4705	0.0
7.4736	0.0
7.4767	0.0
7.4798	0.0
7.4829	0.0
7.486	0.0
7.4891	0.0
7.4922	0.0
7.4953	0.0
7.4984	0.0
7.5015	0.0
7.5046	0.0
7.5076	0.0
7.5107	0.0
7.5138	0.0
7.5169	0.0
7.52	0.0
7.5231	0.0
7.5262	0.0
7.5293	0.0
7.5324	0.0
7.5355	0.0
7.5386	0.0
7.5417	0.0
7.5448	0.0
7.5478	0.0
7.5509	0.0
7.554	0.0
7.5571	0.0
7.5602	0.0
7.5633	0.0
7.5664	0.0
7.5695	0.0
7.5726	0.0
7.5757	0.0
7.5788	0.0
7.5819	0.0
7.585	0.0
7.588	0.0
7.5911	0.0
7.5942	0.0
7.5973	0.0
7.6004	0.0
7.6035	0.0
7.6066	0.0
7.6097	0.0
7.6128	0.0
7.6159	0.0
7.619	0.0
7.6221	0.0
7.6251	0.0
7.6282	0.0
7.6313	0.0
7.6344	0.0
7.6375	0.0
7.6406	0.0
7.6437	0.0
7.6468	0.0
7.6499	0.0
7.653	0.0
7.6561	0.0
7.6592	0.0
7.6623	0.0
7.6653	0.0
7.6684	0.0
7.6715	0.0
7.6746	0.0
7.6777	0.0
7.6808	0.0
7.6839	0.0
7.687	0.0
7.6901	0.0
7.6932	0.0
7.6963	0.0
7.6994	0.0
7.7025	0.0
7.7055	0.0
7.7086	0.0
7.7117	0.0
7.7148	0.0
7.7179	0.0
7.721	0.0
7.7241	0.0
7.7272	0.0
7.7303	0.0
7.7334	0.0
7.7365	0.0
7.7396	0.0
7.7426	0.0
7.7457	0.0
7.7488	0.0
7.7519	0.0
7.755	0.0
7.7581	0.0
7.7612	0.0
7.7643	0.0
7.7674	0.0
7.7705	0.0
7.7736	0.0
7.7767	0.0
7.7798	0.0
7.7828	0.0
7.7859	0.0
7.789	0.0
7.7921	0.0
7.7952	0.0
7.7983	0.0
7.8014	0.0
7.8045	0.0
7.8076	0.0
7.8107	0.0
7.8138	0.0
7.8169	0.0
7.82	0.0
7.823	0.0
7.8261	0.0
7.8292	0.0
7.8323	0.0
7.8354	0.0
7.8385	0.0
7.8416	0.0
7.8447	0.0
7.8478	0.0
7.8509	0.0
7.854	0.0
7.8571	0.0
7.8601	0.0
7.8632	0.0
7.8663	0.0
7.8694	0.0
7.8725	0.0
7.8756	0.0
7.8787	0.0
7.8818	0.0
7.8849	0.0
7.888	0.0
7.8911	0.0
7.8942	0.0
7.8973	0.0
7.9003	0.0
7.9034	0.0
7.9065	0.0
7.9096	0.0
7.9127	0.0
7.9158	0.0
7.9189	0.0
7.922	0.0
7.9251	0.0
7.9282	0.0
7.9313	0.0
7.9344	0.0
7.9375	0.0
7.9405	0.0
7.9436	0.0
7.9467	0.0
7.9498	0.0
7.9529	0.0
7.956	0.0
7.9591	0.0
7.9622	0.0
7.9653	0.0
7.9684	0.0
7.9715	0.0
7.9746	0.0
7.9776	0.0
7.9807	0.0
7.9838	0.0
7.9869	0.0
7.99	0.0
7.9931	0.0
7.9962	0.0
7.9993	0.0
8.0024	0.0
8.0055	0.0
8.0086	0.0
8.0117	0.0
8.0148	0.0
8.0178	0.0
8.0209	0.0
8.024	0.0
8.0271	0.0
8.0302	0.0
8.0333	0.0
8.0364	0.0
8.0395	0.0
8.0426	0.0
8.0457	0.0
8.0488	0.0
8.0519	0.0
8.055	0.0
8.058	0.0
8.0611	0.0
8.0642	0.0
8.0673	0.0
8.0704	0.0
8.0735	0.0
8.0766	0.0
8.0797	0.0
8.0828	0.0
8.0859	0.0
8.089	0.0
8.0921	0.0
8.0951	0.0
8.0982	0.0
8.1013	0.0
8.1044	0.0
8.1075	0.0
8.1106	0.0
8.1137	0.0
8.1168	0.0
8.1199	0.0
8.123	0.0
8.1261	0.0
8.1292	0.0
8.1323	0.0
8.1353	0.0
8.1384	0.0
8.1415	0.0
8.1446	0.0
8.1477	0.0
8.1508	0.0
8.1539	0.0
8.157	0.0
8.1601	0.0
8.1632	0.0
8.1663	0.0
8.1694	0.0
8.1725	0.0
8.1755	0.0
8.1786	0.0
8.1817	0.0
8.1848	0.0
8.1879	0.0
8.191	0.0
8.1941	0.0
8.1972	0.0
8.2003	0.0
8.2034	0.0
8.2065	0.0
8.2096	0.0
8.2126	0.0
8.2157	0.0
8.2188	0.0
8.2219	0.0
8.225	0.0
8.2281	0.0
8.2312	0.0
8.2343	0.0
8.2374	0.0
8.2405	0.0
8.2436	0.0
8.2467	0.0
8.2498	0.0
8.2528	0.0
8.2559	0.0
8.259	0.0
8.2621	0.0
8.2652	0.0
8.2683	0.0
8.2714	0.0
8.2745	0.0
8.2776	0.0
8.2807	0.0
8.2838	0.0
8.2869	0.0
8.29	0.0
8.293	0.0
8.2961	0.0
8.2992	0.0
8.3023	0.0
8.3054	0.0
8.3085	0.0
8.3116	0.0
8.3147	0.0
8.3178	0.0
8.3209	0.0
8.324	0.0
8.3271	0.0
8.3301	0.0
8.3332	0.0
8.3363	0.0
8.3394	0.0
8.3425	0.0
8.3456	0.0
8.3487	0.0
8.3518	0.0
8.3549	0.0
8.358	0.0
8.3611	0.0
8.3642	0.0
8.3673	0.0
8.3703	0.0
8.3734	0.0
8.3765	0.0
8.3796	0.0
8.3827	0.0
8.3858	0.0
8.3889	0.0
8.392	0.0
8.3951	0.0
8.3982	0.0
8.4013	0.0
8.4044	0.0
8.4075	0.0
8.4105	0.0
8.4136	0.0
8.4167	0.0
8.4198	0.0
8.4229	0.0
8.426	0.0
8.4291	0.0
8.4322	0.0
8.4353	0.0
8.4384	0.0
8.4415	0.0
8.4446	0.0
8.4477	0.0
8.4507	0.0
8.4538	0.0
8.4569	0.0
8.46	0.0
8.4631	0.0
8.4662	0.0
8.4693	0.0
8.4724	0.0
8.4755	0.0
8.4786	0.0
8.4817	0.0
8.4848	0.0
8.4878	0.0
8.4909	0.0
8.494	0.0
8.4971	0.0
8.5002	0.0
8.5033	0.0
8.5064	0.0
8.5095	0.0
8.5126	0.0
8.5157	0.0
8.5188	0.0
8.5219	0.0
8.525	0.0
8.528	0.0
8.5311	0.0
8.5342	0.0
8.5373	0.0
8.5404	0.0
8.5435	0.0
8.5466	0.0
8.5497	0.0
8.5528	0.0
8.5559	0.0
8.559	0.0
8.5621	0.0
8.5652	0.0
8.5682	0.0
8.5713	0.0
8.5744	0.0
8.5775	0.0
8.5806	0.0
8.5837	0.0
8.5868	0.0
8.5899	0.0
8.593	0.0
8.5961	0.0
8.5992	0.0
8.6023	0.0
8.6053	0.0
8.6084	0.0
8.6115	0.0
8.6146	0.0
8.6177	0.0
8.6208	0.0
8.6239	0.0
8.627	0.0
8.6301	0.0
8.6332	0.0
8.6363	0.0
8.6394	0.0
8.6425	0.0
8.6455	0.0
8.6486	0.0
8.6517	0.0
8.6548	0.0
8.6579	0.0
8.661	0.0
8.6641	0.0
8.6672	0.0
8.6703	0.0
8.6734	0.0
8.6765	0.0
8.6796	0.0
8.6827	0.0
8.6857	0.0
8.6888	0.0
8.6919	0.0
8.695	0.0
8.6981	0.0
8.7012	0.0
8.7043	0.0
8.7074	0.0
8.7105	0.0
8.7136	0.0
8.7167	0.0
8.7198	0.0
8.7228	0.0
8.7259	0.0
8.729	0.0
8.7321	0.0
8.7352	0.0
8.7383	0.0
8.7414	0.0
8.7445	0.0
8.7476	0.0
8.7507	0.0
8.7538	0.0
8.7569	0.0
8.76	0.0
8.763	0.0
8.7661	0.0
8.7692	0.0
8.7723	0.0
8.7754	0.0
8.7785	0.0
8.7816	0.0
8.7847	0.0
8.7878	0.0
8.7909	0.0
8.794	0.0
8.7971	0.0
8.8002	0.0
8.8032	0.0
8.8063	0.0
8.8094	0.0
8.8125	0.0
8.8156	0.0
8.8187	0.0
8.8218	0.0
8.8249	0.0
8.828	0.0
8.8311	0.0
8.8342	0.0
8.8373	0.0
8.8403	0.0
8.8434	0.0
8.8465	0.0
8.8496	0.0
8.8527	0.0
8.8558	0.0
8.8589	0.0
8.862	0.0
8.8651	0.0
8.8682	0.0
8.8713	0.0
8.8744	0.0
8.8775	0.0
8.8805	0.0
8.8836	0.0
8.8867	0.0
8.8898	0.0
8.8929	0.0
8.896	0.0
8.8991	0.0
8.9022	0.0
8.9053	0.0
8.9084	0.0
8.9115	0.0
8.9146	0.0
8.9177	0.0
8.9207	0.0
8.9238	0.0
8.9269	0.0
8.93	0.0
8.9331	0.0
8.9362	0.0
8.9393	0.0
8.9424	0.0
8.9455	0.0
8.9486	0.0
8.9517	0.0
8.9548	0.0
8.9578	0.0
8.9609	0.0
8.964	0.0
8.9671	0.0
8.9702	0.0
8.9733	0.0
8.9764	0.0
8.9795	0.0
8.9826	0.0
8.9857	0.0
8.9888	0.0
8.9919	0.0
8.995	0.0
8.998	0.0
9.0011	0.0
9.0042	0.0
9.0073	0.0
9.0104	0.0
9.0135	0.0
9.0166	0.0
9.0197	0.0
9.0228	0.0
9.0259	0.0
9.029	0.0
9.0321	0.0
9.0352	0.0
9.0382	0.0
9.0413	0.0
9.0444	0.0
9.0475	0.0
9.0506	0.0
9.0537	0.0
9.0568	0.0
9.0599	0.0
9.063	0.0
9.0661	0.0
9.0692	0.0
9.0723	0.0
9.0753	0.0
9.0784	0.0
9.0815	0.0
9.0846	0.0
9.0877	0.0
9.0908	0.0
9.0939	0.0
9.097	0.0
9.1001	0.0
9.1032	0.0
9.1063	0.0
9.1094	0.0
9.1125	0.0
9.1155	0.0
9.1186	0.0
9.1217	0.0
9.1248	0.0
9.1279	0.0
9.131	0.0
9.1341	0.0
9.1372	0.0
9.1403	0.0
9.1434	0.0
9.1465	0.0
9.1496	0.0
9.1527	0.0
9.1557	0.0
9.1588	0.0
9.1619	0.0
9.165	0.0
9.1681	0.0
9.1712	0.0
9.1743	0.0
9.1774	0.0
9.1805	0.0
9.1836	0.0
9.1867	0.0
9.1898	0.0
9.1928	0.0
9.1959	0.0
9.199	0.0
9.2021	0.0
9.2052	0.0
9.2083	0.0
9.2114	0.0
9.2145	0.0
9.2176	0.0
9.2207	0.0
9.2238	0.0
9.2269	0.0
9.23	0.0
9.233	0.0
9.2361	0.0
9.2392	0.0
9.2423	0.0
9.2454	0.0
9.2485	0.0
9.2516	0.0
9.2547	0.0
9.2578	0.0
9.2609	0.0
9.264	0.0
9.2671	0.0
9.2702	0.0
9.2732	0.0
9.2763	0.0
9.2794	0.0
9.2825	0.0
9.2856	0.0
9.2887	0.0
9.2918	0.0
9.2949	0.0
9.298	0.0
9.3011	0.0
9.3042	0.0
9.3073	0.0
9.3103	0.0
9.3134	0.0
9.3165	0.0
9.3196	0.0
9.3227	0.0
9.3258	0.0
9.3289	0.0
9.332	0.0
9.3351	0.0
9.3382	0.0
9.3413	0.0
9.3444	0.0
9.3475	0.0
9.3505	0.0
9.3536	0.0
9.3567	0.0
9.3598	0.0
9.3629	0.0
9.366	0.0
9.3691	0.0
9.3722	0.0
9.3753	0.0
9.3784	0.0
9.3815	0.0
9.3846	0.0
9.3877	0.0
9.3907	0.0
9.3938	0.0
9.3969	0.0
9.4	0.0
9.4031	0.0
9.4062	0.0
9.4093	0.0
9.4124	0.0
9.4155	0.0
9.4186	0.0
9.4217	0.0
9.4248	0.0
9.4278	0.0
9.4309	0.0
9.434	0.0
9.4371	0.0
9.4402	0.0
9.4433	0.0
9.4464	0.0
9.4495	0.0
9.4526	0.0
9.4557	0.0
9.4588	0.0
9.4619	0.0
9.465	0.0
9.468	0.0
9.4711	0.0
9.4742	0.0
9.4773	0.0
9.4804	0.0
9.4835	0.0
9.4866	0.0
9.4897	0.0
9.4928	0.0
9.4959	0.0
9.499	0.0
9.5021	0.0
9.5052	0.0
9.5082	0.0
9.5113	0.0
9.5144	0.0
9.5175	0.0
9.5206	0.0
9.5237	0.0
9.5268	0.0
9.5299	0.0
9.533	0.0
9.5361	0.0
9.5392	0.0
9.5423	0.0
9.5453	0.0
9.5484	0.0
9.5515	0.0
9.5546	0.0
9.5577	0.0
9.5608	0.0
9.5639	0.0
9.567	0.0
9.5701	0.0
9.5732	0.0
9.5763	0.0
9.5794	0.0
9.5825	0.0
9.5855	0.0
9.5886	0.0
9.5917	0.0
9.5948	0.0
9.5979	0.0
9.601	0.0
9.6041	0.0
9.6072	0.0
9.6103	0.0
9.6134	0.0
9.6165	0.0
9.6196	0.0
9.6227	0.0
9.6257	0.0
9.6288	0.0
9.6319	0.0
9.635	0.0
9.6381	0.0
9.6412	0.0
9.6443	0.0
9.6474	0.0
9.6505	0.0
9.6536	0.0
9.6567	0.0
9.6598	0.0
9.6629	0.0
9.6659	0.0
9.669	0.0
9.6721	0.0
9.6752	0.0
9.6783	0.0
9.6814	0.0
9.6845	0.0
9.6876	0.0
9.6907	0.0
9.6938	0.0
9.6969	0.0
9.7	0.0
9.703	0.0
9.7061	0.0
9.7092	0.0
9.7123	0.0
9.7154	0.0
9.7185	0.0
9.7216	0.0
9.7247	0.0
9.7278	0.0
9.7309	0.0
9.734	0.0
9.7371	0.0
9.7402	0.0
9.7432	0.0
9.7463	0.0
9.7494	0.0
9.7525	0.0
9.7556	0.0
9.7587	0.0
9.7618	0.0
9.7649	0.0
9.768	0.0
9.7711	0.0
9.7742	0.0
9.7773	0.0
9.7804	0.0
9.7834	0.0
9.7865	0.0
9.7896	0.0
9.7927	0.0
9.7958	0.0
9.7989	0.0
9.802	0.0
9.8051	0.0
9.8082	0.0
9.8113	0.0
9.8144	0.0
9.8175	0.0
9.8205	0.0
9.8236	0.0
9.8267	0.0
9.8298	0.0
9.8329	0.0
9.836	0.0
9.8391	0.0
9.8422	0.0
9.8453	0.0
9.8484	0.0
9.8515	0.0
9.8546	0.0
9.8577	0.0
9.8607	0.0
9.8638	0.0
9.8669	0.0
9.87	0.0
9.8731	0.0
9.8762	0.0
9.8793	0.0
9.8824	0.0
9.8855	0.0
9.8886	0.0
9.8917	0.0
9.8948	0.0
9.8979	0.0
9.9009	0.0
9.904	0.0
9.9071	0.0
9.9102	0.0
9.9133	0.0
9.9164	0.0
9.9195	0.0
9.9226	0.0
9.9257	0.0
9.9288	0.0
9.9319	0.0
9.935	0.0
9.938	0.0
9.9411	0.0
9.9442	0.0
9.9473	0.0
9.9504	0.0
9.9535	0.0
9.9566	0.0
9.9597	0.0
9.9628	0.0
9.9659	0.0
9.969	0.0
9.9721	0.0
9.9752	0.0
9.9782	0.0
9.9813	0.0
9.9844	0.0
9.9875	0.0
9.9906	0.0
9.9937	0.0
9.9968	0.0
9.9999	0.0
10.003	0.0
10.0061	0.0
10.0092	0.0
10.0123	0.0
10.0154	0.0
10.0184	0.0
10.0215	0.0
10.0246	0.0
10.0277	0.0
10.0308	0.0
10.0339	0.0
10.037	0.0
10.0401	0.0
10.0432	0.0
10.0463	0.0
10.0494	0.0
10.0525	0.0
10.0555	0.0
10.0586	0.0
10.0617	0.0
10.0648	0.0
10.0679	0.0
10.071	0.0
10.0741	0.0
10.0772	0.0
10.0803	0.0
10.0834	0.0
10.0865	0.0
10.0896	0.0
10.0927	0.0
10.0957	0.0
10.0988	0.0
10.1019	0.0
10.105	0.0
10.1081	0.0
10.1112	0.0
10.1143	0.0
10.1174	0.0
10.1205	0.0
10.1236	0.0
10.1267	0.0
10.1298	0.0
10.1329	0.0
10.1359	0.0
10.139	0.0
10.1421	0.0
10.1452	0.0
10.1483	0.0
10.1514	0.0
10.1545	0.0
10.1576	0.0
10.1607	0.0
10.1638	0.0
10.1669	0.0
10.17	0.0
10.173	0.0
10.1761	0.0
10.1792	0.0
10.1823	0.0
10.1854	0.0
10.1885	0.0
10.1916	0.0
10.1947	0.0
10.1978	0.0
10.2009	0.0
10.204	0.0
10.2071	0.0
10.2102	0.0
10.2132	0.0
10.2163	0.0
10.2194	0.0
10.2225	0.0
10.2256	0.0
10.2287	0.0
10.2318	0.0
10.2349	0.0
10.238	0.0
10.2411	0.0
10.2442	0.0
10.2473	0.0
10.2504	0.0
10.2534	0.0
10.2565	0.0
10.2596	0.0
10.2627	0.0
10.2658	0.0
10.2689	0.0
10.272	0.0
10.2751	0.0
10.2782	0.0
10.2813	0.0
10.2844	0.0
10.2875	0.0
10.2905	0.0
10.2936	0.0
10.2967	0.0
10.2998	0.0
10.3029	0.0
10.306	0.0
10.3091	0.0
10.3122	0.0
10.3153	0.0
10.3184	0.0
10.3215	0.0
10.3246	0.0
10.3277	0.0
10.3307	0.0
10.3338	0.0
10.3369	0.0
10.34	0.0
10.3431	0.0
10.3462	0.0
10.3493	0.0
10.3524	0.0
10.3555	0.0
10.3586	0.0
10.3617	0.0
10.3648	0.0
10.3679	0.0
10.3709	0.0
10.374	0.0
10.3771	0.0
10.3802	0.0
10.3833	0.0
10.3864	0.0
10.3895	0.0
10.3926	0.0
10.3957	0.0
10.3988	0.0
10.4019	0.0
10.405	0.0
10.408	0.0
10.4111	0.0
10.4142	0.0
10.4173	0.0
10.4204	0.0
10.4235	0.0
10.4266	0.0
10.4297	0.0
10.4328	0.0
10.4359	0.0
10.439	0.0
10.4421	0.0
10.4452	0.0
10.4482	0.0
10.4513	0.0
10.4544	0.0
10.4575	0.0
10.4606	0.0
10.4637	0.0
10.4668	0.0
10.4699	0.0
10.473	0.0
10.4761	0.0
10.4792	0.0
10.4823	0.0
10.4854	0.0
10.4884	0.0
10.4915	0.0
10.4946	0.0
10.4977	0.0
10.5008	0.0
10.5039	0.0
10.507	0.0
10.5101	0.0
10.5132	0.0
10.5163	0.0
10.5194	0.0
10.5225	0.0
10.5255	0.0
10.5286	0.0
10.5317	0.0
10.5348	0.0
10.5379	0.0
10.541	0.0
10.5441	0.0
10.5472	0.0
10.5503	0.0
10.5534	0.0
10.5565	0.0
10.5596	0.0
10.5627	0.0
10.5657	0.0
10.5688	0.0
10.5719	0.0
10.575	0.0
10.5781	0.0
10.5812	0.0
10.5843	0.0
10.5874	0.0
10.5905	0.0
10.5936	0.0
10.5967	0.0
10.5998	0.0
10.6029	0.0
10.6059	0.0
10.609	0.0
10.6121	0.0
10.6152	0.0
10.6183	0.0
10.6214	0.0
10.6245	0.0
10.6276	0.0
10.6307	0.0
10.6338	0.0
10.6369	0.0
10.64	0.0
10.643	0.0
10.6461	0.0
10.6492	0.0
10.6523	0.0
10.6554	0.0
10.6585	0.0
10.6616	0.0
10.6647	0.0
10.6678	0.0
10.6709	0.0
10.674	0.0
10.6771	0.0
10.6802	0.0
10.6832	0.0
10.6863	0.0
10.6894	0.0
10.6925	0.0
10.6956	0.0
10.6987	0.0
10.7018	0.0
10.7049	0.0
10.708	0.0
10.7111	0.0
10.7142	0.0
10.7173	0.0
10.7204	0.0
10.7234	0.0
10.7265	0.0
10.7296	0.0
10.7327	0.0
10.7358	0.0
10.7389	0.0
10.742	0.0
10.7451	0.0
10.7482	0.0
10.7513	0.0
10.7544	0.0
10.7575	0.0
10.7605	0.0
10.7636	0.0
10.7667	0.0
10.7698	0.0
10.7729	0.0
10.776	0.0
10.7791	0.0
10.7822	0.0
10.7853	0.0
10.7884	0.0
10.7915	0.0
10.7946	0.0
10.7977	0.0
10.8007	0.0
10.8038	0.0
10.8069	0.0
10.81	0.0
10.8131	0.0
10.8162	0.0
10.8193	0.0
10.8224	0.0
10.8255	0.0
10.8286	0.0
10.8317	0.0
10.8348	0.0
10.8379	0.0
10.8409	0.0
10.844	0.0
10.8471	0.0
10.8502	0.0
10.8533	0.0
10.8564	0.0
10.8595	0.0
10.8626	0.0
10.8657	0.0
10.8688	0.0
10.8719	0.0
10.875	0.0
10.8781	0.0
10.8811	0.0
10.8842	0.0
10.8873	0.0
10.8904	0.0
10.8935	0.0
10.8966	0.0
10.8997	0.0
10.9028	0.0
10.9059	0.0
10.909	0.0
10.9121	0.0
10.9152	0.0
10.9182	0.0
10.9213	0.0
10.9244	0.0
10.9275	0.0
10.9306	0.0
10.9337	0.0
10.9368	0.0
10.9399	0.0
10.943	0.0
10.9461	0.0
10.9492	0.0
10.9523	0.0
10.9554	0.0
10.9584	0.0
10.9615	0.0
10.9646	0.0
10.9677	0.0
10.9708	0.0
10.9739	0.0
10.977	0.0
10.9801	0.0
10.9832	0.0
10.9863	0.0
10.9894	0.0
10.9925	0.0
10.9956	0.0
10.9986	0.0
11.0017	0.0
11.0048	0.0
11.0079	0.0
11.011	0.0
11.0141	0.0
11.0172	0.0
11.0203	0.0
11.0234	0.0
11.0265	0.0
11.0296	0.0
11.0327	0.0
11.0357	0.0
11.0388	0.0
11.0419	0.0
11.045	0.0
11.0481	0.0
11.0512	0.0
11.0543	0.0
11.0574	0.0
11.0605	0.0
11.0636	0.0
11.0667	0.0
11.0698	0.0
11.0729	0.0
11.0759	0.0
11.079	0.0
11.0821	0.0
11.0852	0.0
11.0883	0.0
11.0914	0.0
11.0945	0.0
11.0976	0.0
11.1007	0.0
11.1038	0.0
11.1069	0.0
11.11	0.0
11.1131	0.0
11.1161	0.0
11.1192	0.0
11.1223	0.0
11.1254	0.0
11.1285	0.0
11.1316	0.0
11.1347	0.0
11.1378	0.0
11.1409	0.0
11.144	0.0
11.1471	0.0
11.1502	0.0
11.1532	0.0
11.1563	0.0
11.1594	0.0
11.1625	0.0
11.1656	0.0
11.1687	0.0
11.1718	0.0
11.1749	0.0
11.178	0.0
11.1811	0.0
11.1842	0.0
11.1873	0.0
11.1904	0.0
11.1934	0.0
11.1965	0.0
11.1996	0.0
11.2027	0.0
11.2058	0.0
11.2089	0.0
11.212	0.0
11.2151	0.0
11.2182	0.0
11.2213	0.0
11.2244	0.0
11.2275	0.0
11.2306	0.0
11.2336	0.0
11.2367	0.0
11.2398	0.0
11.2429	0.0
11.246	0.0
11.2491	0.0
11.2522	0.0
11.2553	0.0
11.2584	0.0
11.2615	0.0
11.2646	0.0
11.2677	0.0
11.2707	0.0
11.2738	0.0
11.2769	0.0
11.28	0.0
11.2831	0.0
11.2862	0.0
11.2893	0.0
11.2924	0.0
11.2955	0.0
11.2986	0.0
11.3017	0.0
11.3048	0.0
11.3079	0.0
11.3109	0.0
11.314	0.0
11.3171	0.0
11.3202	0.0
11.3233	0.0
11.3264	0.0
11.3295	0.0
11.3326	0.0
11.3357	0.0
11.3388	0.0
11.3419	0.0
11.345	0.0
11.3481	0.0
11.3511	0.0
11.3542	0.0
11.3573	0.0
11.3604	0.0
11.3635	0.0
11.3666	0.0
11.3697	0.0
11.3728	0.0
11.3759	0.0
11.379	0.0
11.3821	0.0
11.3852	0.0
11.3882	0.0
11.3913	0.0
11.3944	0.0
11.3975	0.0
11.4006	0.0
11.4037	0.0
11.4068	0.0
11.4099	0.0
11.413	0.0
11.4161	0.0
11.4192	0.0
11.4223	0.0
11.4254	0.0
11.4284	0.0
11.4315	0.0
11.4346	0.0
11.4377	0.0
11.4408	0.0
11.4439	0.0
11.447	0.0
11.4501	0.0
11.4532	0.0
11.4563	0.0
11.4594	0.0
11.4625	0.0
11.4656	0.0
11.4686	0.0
11.4717	0.0
11.4748	0.0
11.4779	0.0
11.481	0.0
11.4841	0.0
11.4872	0.0
11.4903	0.0
11.4934	0.0
11.4965	0.0
11.4996	0.0
11.5027	0.0
11.5057	0.0
11.5088	0.0
11.5119	0.0
11.515	0.0
11.5181	0.0
11.5212	0.0
11.5243	0.0
11.5274	0.0
11.5305	0.0
11.5336	0.0
11.5367	0.0
11.5398	0.0
11.5429	0.0
11.5459	0.0
11.549	0.0
11.5521	0.0
11.5552	0.0
11.5583	0.0
11.5614	0.0
11.5645	0.0
11.5676	0.0
11.5707	0.0
11.5738	0.0
11.5769	0.0
11.58	0.0
11.5831	0.0
11.5861	0.0
11.5892	0.0
11.5923	0.0
11.5954	0.0
11.5985	0.0
11.6016	0.0
11.6047	0.0
11.6078	0.0
11.6109	0.0
11.614	0.0
11.6171	0.0
11.6202	0.0
11.6232	0.0
11.6263	0.0
11.6294	0.0
11.6325	0.0
11.6356	0.0
11.6387	0.0
11.6418	0.0
11.6449	0.0
11.648	0.0
11.6511	0.0
11.6542	0.0
11.6573	0.0
11.6604	0.0
11.6634	0.0
11.6665	0.0
11.6696	0.0
11.6727	0.0
11.6758	0.0
11.6789	0.0
11.682	0.0
11.6851	0.0
11.6882	0.0
11.6913	0.0
11.6944	0.0
11.6975	0.0
11.7006	0.0
11.7036	0.0
11.7067	0.0
11.7098	0.0
11.7129	0.0
11.716	0.0
11.7191	0.0
11.7222	0.0
11.7253	0.0
11.7284	0.0
11.7315	0.0
11.7346	0.0
11.7377	0.0
11.7407	0.0
11.7438	0.0
11.7469	0.0
11.75	0.0
11.7531	0.0
11.7562	0.0
11.7593	0.0
11.7624	0.0
11.7655	0.0
11.7686	0.0
11.7717	0.0
11.7748	0.0
11.7779	0.0
11.7809	0.0
11.784	0.0
11.7871	0.0
11.7902	0.0
11.7933	0.0
11.7964	0.0
11.7995	0.0
11.8026	0.0
11.8057	0.0
11.8088	0.0
11.8119	0.0
11.815	0.0
11.8181	0.0
11.8211	0.0
11.8242	0.0
11.8273	0.0
11.8304	0.0
11.8335	0.0
11.8366	0.0
11.8397	0.0
11.8428	0.0
11.8459	0.0
11.849	0.0
11.8521	0.0
11.8552	0.0
11.8582	0.0
11.8613	0.0
11.8644	0.0
11.8675	0.0
11.8706	0.0
11.8737	0.0
11.8768	0.0
11.8799	0.0
11.883	0.0
11.8861	0.0
11.8892	0.0
11.8923	0.0
11.8954	0.0
11.8984	0.0
11.9015	0.0
11.9046	0.0
11.9077	0.0
11.9108	0.0
11.9139	0.0
11.917	0.0
11.9201	0.0
11.9232	0.0
11.9263	0.0
11.9294	0.0
11.9325	0.0
11.9356	0.0
11.9386	0.0
11.9417	0.0
11.9448	0.0
11.9479	0.0
11.951	0.0
11.9541	0.0
11.9572	0.0
11.9603	0.0
11.9634	0.0
11.9665	0.0
11.9696	0.0
11.9727	0.0
11.9757	0.0
11.9788	0.0
11.9819	0.0
11.985	0.0
11.9881	0.0
11.9912	0.0
11.9943	0.0
11.9974	0.0
12.0005	0.0
12.0036	0.0
12.0067	0.0
12.0098	0.0
12.0129	0.0
12.0159	0.0
12.019	0.0
12.0221	0.0
12.0252	0.0
12.0283	0.0
12.0314	0.0
12.0345	0.0
12.0376	0.0
12.0407	0.0
12.0438	0.0
12.0469	0.0
12.05	0.0
12.0531	0.0
12.0561	0.0
12.0592	0.0
12.0623	0.0
12.0654	0.0
12.0685	0.0
12.0716	0.0
12.0747	0.0
12.0778	0.0
12.0809	0.0
12.084	0.0
12.0871	0.0
12.0902	0.0
12.0933	0.0
12.0963	0.0
12.0994	0.0
12.1025	0.0
12.1056	0.0
12.1087	0.0
12.1118	0.0
12.1149	0.0
12.118	0.0
12.1211	0.0
12.1242	0.0
12.1273	0.0
12.1304	0.0
12.1334	0.0
12.1365	0.0
12.1396	0.0
12.1427	0.0
12.1458	0.0
12.1489	0.0
12.152	0.0
12.1551	0.0
12.1582	0.0
12.1613	0.0
12.1644	0.0
12.1675	0.0
12.1706	0.0
12.1736	0.0
12.1767	0.0
12.1798	0.0
12.1829	0.0
12.186	0.0
12.1891	0.0
12.1922	0.0
12.1953	0.0
12.1984	0.0
12.2015	0.0
12.2046	0.0
12.2077	0.0
12.2108	0.0
12.2138	0.0
12.2169	0.0
12.22	0.0
12.2231	0.0
12.2262	0.0
12.2293	0.0
12.2324	0.0
12.2355	0.0
12.2386	0.0
12.2417	0.0
12.2448	0.0
12.2479	0.0
12.2509	0.0
12.254	0.0
12.2571	0.0
12.2602	0.0
12.2633	0.0
12.2664	0.0
12.2695	0.0
12.2726	0.0
12.2757	0.0
12.2788	0.0
12.2819	0.0
12.285	0.0
12.2881	0.0
12.2911	0.0
12.2942	0.0
12.2973	0.0
12.3004	0.0
12.3035	0.0
12.3066	0.0
12.3097	0.0
12.3128	0.0
12.3159	0.0
12.319	0.0
12.3221	0.0
12.3252	0.0
12.3283	0.0
12.3313	0.0
12.3344	0.0
12.3375	0.0
12.3406	0.0
12.3437	0.0
12.3468	0.0
12.3499	0.0
12.353	0.0
12.3561	0.0
12.3592	0.0
12.3623	0.0
12.3654	0.0
12.3684	0.0
12.3715	0.0
12.3746	0.0
12.3777	0.0
12.3808	0.0
12.3839	0.0
12.387	0.0
12.3901	0.0
12.3932	0.0
12.3963	0.0
12.3994	0.0
12.4025	0.0
12.4056	0.0
12.4086	0.0
12.4117	0.0
12.4148	0.0
12.4179	0.0
12.421	0.0
12.4241	0.0
12.4272	0.0
12.4303	0.0
12.4334	0.0
12.4365	0.0
12.4396	0.0
12.4427	0.0
12.4458	0.0
12.4488	0.0
12.4519	0.0
12.455	0.0
12.4581	0.0
12.4612	0.0
12.4643	0.0
12.4674	0.0
12.4705	0.0
12.4736	0.0
12.4767	0.0
12.4798	0.0
12.4829	0.0
12.4859	0.0
12.489	0.0
12.4921	0.0
12.4952	0.0
12.4983	0.0
12.5014	0.0
12.5045	0.0
12.5076	0.0
12.5107	0.0
12.5138	0.0
12.5169	0.0
12.52	0.0
12.5231	0.0
12.5261	0.0
12.5292	0.0
12.5323	0.0
12.5354	0.0
12.5385	0.0
12.5416	0.0
12.5447	0.0
12.5478	0.0
12.5509	0.0
12.554	0.0
12.5571	0.0
12.5602	0.0
12.5633	0.0
12.5663	0.0
12.5694	0.0
12.5725	0.0
12.5756	0.0
12.5787	0.0
12.5818	0.0
12.5849	0.0
12.588	0.0
12.5911	0.0
12.5942	0.0
12.5973	0.0
12.6004	0.0
12.6034	0.0
12.6065	0.0
12.6096	0.0
12.6127	0.0
12.6158	0.0
12.6189	0.0
12.622	0.0
12.6251	0.0
12.6282	0.0
12.6313	0.0
12.6344	0.0
12.6375	0.0
12.6406	0.0
12.6436	0.0
12.6467	0.0
12.6498	0.0
12.6529	0.0
12.656	0.0
12.6591	0.0
12.6622	0.0
12.6653	0.0
12.6684	0.0
12.6715	0.0
12.6746	0.0
12.6777	0.0
12.6808	0.0
12.6838	0.0
12.6869	0.0
12.69	0.0
12.6931	0.0
12.6962	0.0
12.6993	0.0
12.7024	0.0
12.7055	0.0
12.7086	0.0
12.7117	0.0
12.7148	0.0
12.7179	0.0
12.7209	0.0
12.724	0.0
12.7271	0.0
12.7302	0.0
12.7333	0.0
12.7364	0.0
12.7395	0.0
12.7426	0.0
12.7457	0.0
12.7488	0.0
12.7519	0.0
12.755	0.0
12.7581	0.0
12.7611	0.0
12.7642	0.0
12.7673	0.0
12.7704	0.0
12.7735	0.0
12.7766	0.0
12.7797	0.0
12.7828	0.0
12.7859	0.0
12.789	0.0
12.7921	0.0
12.7952	0.0
12.7983	0.0
12.8013	0.0
12.8044	0.0
12.8075	0.0
12.8106	0.0
12.8137	0.0
12.8168	0.0
12.8199	0.0
12.823	0.0
12.8261	0.0
12.8292	0.0
12.8323	0.0
12.8354	0.0
12.8384	0.0
12.8415	0.0
12.8446	0.0
12.8477	0.0
12.8508	0.0
12.8539	0.0
12.857	0.0
12.8601	0.0
12.8632	0.0
12.8663	0.0
12.8694	0.0
12.8725	0.0
12.8756	0.0
12.8786	0.0
12.8817	0.0
12.8848	0.0
12.8879	0.0
12.891	0.0
12.8941	0.0
12.8972	0.0
12.9003	0.0
12.9034	0.0
12.9065	0.0
12.9096	0.0
12.9127	0.0
12.9158	0.0
12.9188	0.0
12.9219	0.0
12.925	0.0
12.9281	0.0
12.9312	0.0
12.9343	0.0
12.9374	0.0
12.9405	0.0
12.9436	0.0
12.9467	0.0
12.9498	0.0
12.9529	0.0
12.9559	0.0
12.959	0.0
12.9621	0.0
12.9652	0.0
12.9683	0.0
12.9714	0.0
12.9745	0.0
12.9776	0.0
12.9807	0.0
12.9838	0.0
12.9869	0.0
12.99	0.0
12.9931	0.0
12.9961	0.0
12.9992	0.0
13.0023	0.0
13.0054	0.0
13.0085	0.0
13.0116	0.0
13.0147	0.0
13.0178	0.0
13.0209	0.0
13.024	0.0
13.0271	0.0
13.0302	0.0
13.0333	0.0
13.0363	0.0
13.0394	0.0
13.0425	0.0
13.0456	0.0
13.0487	0.0
13.0518	0.0
13.0549	0.0
13.058	0.0
13.0611	0.0
13.0642	0.0
13.0673	0.0
13.0704	0.0
13.0734	0.0
13.0765	0.0
13.0796	0.0
13.0827	0.0
13.0858	0.0
13.0889	0.0
13.092	0.0
13.0951	0.0
13.0982	0.0
13.1013	0.0
13.1044	0.0
13.1075	0.0
13.1106	0.0
13.1136	0.0
13.1167	0.0
13.1198	0.0
13.1229	0.0
13.126	0.0
13.1291	0.0
13.1322	0.0
13.1353	0.0
13.1384	0.0
13.1415	0.0
13.1446	0.0
13.1477	0.0
13.1508	0.0
13.1538	0.0
13.1569	0.0
13.16	0.0
13.1631	0.0
13.1662	0.0
13.1693	0.0
13.1724	0.0
13.1755	0.0
13.1786	0.0
13.1817	0.0
13.1848	0.0
13.1879	0.0
13.1909	0.0
13.194	0.0
13.1971	0.0
13.2002	0.0
13.2033	0.0
13.2064	0.0
13.2095	0.0
13.2126	0.0
13.2157	0.0
13.2188	0.0
13.2219	0.0
13.225	0.0
13.2281	0.0
13.2311	0.0
13.2342	0.0
13.2373	0.0
13.2404	0.0
13.2435	0.0
13.2466	0.0
13.2497	0.0
13.2528	0.0
13.2559	0.0
13.259	0.0
13.2621	0.0
13.2652	0.0
13.2683	0.0
13.2713	0.0
13.2744	0.0
13.2775	0.0
13.2806	0.0
13.2837	0.0
13.2868	0.0
13.2899	0.0
13.293	0.0
13.2961	0.0
13.2992	0.0
13.3023	0.0
13.3054	0.0
13.3085	0.0
13.3115	0.0
13.3146	0.0
13.3177	0.0
13.3208	0.0
13.3239	0.0
13.327	0.0
13.3301	0.0
13.3332	0.0
13.3363	0.0
13.3394	0.0
13.3425	0.0
13.3456	0.0
13.3486	0.0
13.3517	0.0
13.3548	0.0
13.3579	0.0
13.361	0.0
13.3641	0.0
13.3672	0.0
13.3703	0.0
13.3734	0.0
13.3765	0.0
13.3796	0.0
13.3827	0.0
13.3858	0.0
13.3888	0.0
13.3919	0.0
13.395	0.0
13.3981	0.0
13.4012	0.0
13.4043	0.0
13.4074	0.0
13.4105	0.0
13.4136	0.0
13.4167	0.0
13.4198	0.0
13.4229	0.0
13.426	0.0
13.429	0.0
13.4321	0.0
13.4352	0.0
13.4383	0.0
13.4414	0.0
13.4445	0.0
13.4476	0.0
13.4507	0.0
13.4538	0.0
13.4569	0.0
13.46	0.0
13.4631	0.0
13.4661	0.0
13.4692	0.0
13.4723	0.0
13.4754	0.0
13.4785	0.0
13.4816	0.0
13.4847	0.0
13.4878	0.0
13.4909	0.0
13.494	0.0
13.4971	0.0
13.5002	0.0
13.5033	0.0
13.5063	0.0
13.5094	0.0
13.5125	0.0
13.5156	0.0
13.5187	0.0
13.5218	0.0
13.5249	0.0
13.528	0.0
13.5311	0.0
13.5342	0.0
13.5373	0.0
13.5404	0.0
13.5435	0.0
13.5465	0.0
13.5496	0.0
13.5527	0.0
13.5558	0.0
13.5589	0.0
13.562	0.0
13.5651	0.0
13.5682	0.0
13.5713	0.0
13.5744	0.0
13.5775	0.0
13.5806	0.0
13.5836	0.0
13.5867	0.0
13.5898	0.0
13.5929	0.0
13.596	0.0
13.5991	0.0
13.6022	0.0
13.6053	0.0
13.6084	0.0
13.6115	0.0
13.6146	0.0
13.6177	0.0
13.6208	0.0
13.6238	0.0
13.6269	0.0
13.63	0.0
13.6331	0.0
13.6362	0.0
13.6393	0.0
13.6424	0.0
13.6455	0.0
13.6486	0.0
13.6517	0.0
13.6548	0.0
13.6579	0.0
13.661	0.0
13.664	0.0
13.6671	0.0
13.6702	0.0
13.6733	0.0
13.6764	0.0
13.6795	0.0
13.6826	0.0
13.6857	0.0
13.6888	0.0
13.6919	0.0
13.695	0.0
13.6981	0.0
13.7011	0.0
13.7042	0.0
13.7073	0.0
13.7104	0.0
13.7135	0.0
13.7166	0.0
13.7197	0.0
13.7228	0.0
13.7259	0.0
13.729	0.0
13.7321	0.0
13.7352	0.0
13.7383	0.0
13.7413	0.0
13.7444	0.0
13.7475	0.0
13.7506	0.0
13.7537	0.0
13.7568	0.0
13.7599	0.0
13.763	0.0
13.7661	0.0
13.7692	0.0
13.7723	0.0
13.7754	0.0
13.7785	0.0
13.7815	0.0
13.7846	0.0
13.7877	0.0
13.7908	0.0
13.7939	0.0
13.797	0.0
13.8001	0.0
13.8032	0.0
13.8063	0.0
13.8094	0.0
13.8125	0.0
13.8156	0.0
13.8186	0.0
13.8217	0.0
13.8248	0.0
13.8279	0.0
13.831	0.0
13.8341	0.0
13.8372	0.0
13.8403	0.0
13.8434	0.0
13.8465	0.0
13.8496	0.0
13.8527	0.0
13.8558	0.0
13.8588	0.0
13.8619	0.0
13.865	0.0
13.8681	0.0
13.8712	0.0
13.8743	0.0
13.8774	0.0
13.8805	0.0
13.8836	0.0
13.8867	0.0
13.8898	0.0
13.8929	0.0
13.896	0.0
13.899	0.0
13.9021	0.0
13.9052	0.0
13.9083	0.0
13.9114	0.0
13.9145	0.0
13.9176	0.0
13.9207	0.0
13.9238	0.0
13.9269	0.0
13.93	0.0
13.9331	0.0
13.9361	0.0
13.9392	0.0
13.9423	0.0
13.9454	0.0
13.9485	0.0
13.9516	0.0
13.9547	0.0
13.9578	0.0
13.9609	0.0
13.964	0.0
13.9671	0.0
13.9702	0.0
13.9733	0.0
13.9763	0.0
13.9794	0.0
13.9825	0.0
13.9856	0.0
13.9887	0.0
13.9918	0.0
13.9949	0.0
13.998	0.0
14.0011	0.0
14.0042	0.0
14.0073	0.0
14.0104	0.0
14.0135	0.0
14.0165	0.0
14.0196	0.0
14.0227	0.0
14.0258	0.0
14.0289	0.0
14.032	0.0
14.0351	0.0
14.0382	0.0
14.0413	0.0
14.0444	0.0
14.0475	0.0
14.0506	0.0
14.0536	0.0
14.0567	0.0
14.0598	0.0
14.0629	0.0
14.066	0.0
14.0691	0.0
14.0722	0.0
14.0753	0.0
14.0784	0.0
14.0815	0.0
14.0846	0.0
14.0877	0.0
14.0908	0.0
14.0938	0.0
14.0969	0.0
14.1	0.0
14.1031	0.0
14.1062	0.0
14.1093	0.0
14.1124	0.0
14.1155	0.0
14.1186	0.0
14.1217	0.0
14.1248	0.0
14.1279	0.0
14.131	0.0
14.134	0.0
14.1371	0.0
14.1402	0.0
14.1433	0.0
14.1464	0.0
14.1495	0.0
14.1526	0.0
14.1557	0.0
14.1588	0.0
14.1619	0.0
14.165	0.0
14.1681	0.0
14.1711	0.0
14.1742	0.0
14.1773	0.0
14.1804	0.0
14.1835	0.0
14.1866	0.0
14.1897	0.0
14.1928	0.0
14.1959	0.0
14.199	0.0
14.2021	0.0
14.2052	0.0
14.2083	0.0
14.2113	0.0
14.2144	0.0
14.2175	0.0
14.2206	0.0
14.2237	0.0
14.2268	0.0
14.2299	0.0
14.233	0.0
14.2361	0.0
14.2392	0.0
14.2423	0.0
14.2454	0.0
14.2485	0.0
14.2515	0.0
14.2546	0.0
14.2577	0.0
14.2608	0.0
14.2639	0.0
14.267	0.0
14.2701	0.0
14.2732	0.0
14.2763	0.0
14.2794	0.0
14.2825	0.0
14.2856	0.0
14.2886	0.0
14.2917	0.0
14.2948	0.0
14.2979	0.0
14.301	0.0
14.3041	0.0
14.3072	0.0
14.3103	0.0
14.3134	0.0
14.3165	0.0
14.3196	0.0
14.3227	0.0
14.3258	0.0
14.3288	0.0
14.3319	0.0
14.335	0.0
14.3381	0.0
14.3412	0.0
14.3443	0.0
14.3474	0.0
14.3505	0.0
14.3536	0.0
14.3567	0.0
14.3598	0.0
14.3629	0.0
14.366	0.0
14.369	0.0
14.3721	0.0
14.3752	0.0
14.3783	0.0
14.3814	0.0
14.3845	0.0
14.3876	0.0
14.3907	0.0
14.3938	0.0
14.3969	0.0
14.4	0.0
14.4031	0.0
14.4061	0.0
14.4092	0.0
14.4123	0.0
14.4154	0.0
14.4185	0.0
14.4216	0.0
14.4247	0.0
14.4278	0.0
14.4309	0.0
14.434	0.0
14.4371	0.0
14.4402	0.0
14.4433	0.0
14.4463	0.0
14.4494	0.0
14.4525	0.0
14.4556	0.0
14.4587	0.0
14.4618	0.0
14.4649	0.0
14.468	0.0
14.4711	0.0
14.4742	0.0
14.4773	0.0
14.4804	0.0
14.4835	0.0
14.4865	0.0
14.4896	0.0
14.4927	0.0
14.4958	0.0
14.4989	0.0
14.502	0.0
14.5051	0.0
14.5082	0.0
14.5113	0.0
14.5144	0.0
14.5175	0.0
14.5206	0.0
14.5237	0.0
14.5267	0.0
14.5298	0.0
14.5329	0.0
14.536	0.0
14.5391	0.0
14.5422	0.0
14.5453	0.0
14.5484	0.0
14.5515	0.0
14.5546	0.0
14.5577	0.0
14.5608	0.0
14.5638	0.0
14.5669	0.0
14.57	0.0
14.5731	0.0
14.5762	0.0
14.5793	0.0
14.5824	0.0
14.5855	0.0
14.5886	0.0
14.5917	0.0
14.5948	0.0
14.5979	0.0
14.601	0.0
14.604	0.0
14.6071	0.0
14.6102	0.0
14.6133	0.0
14.6164	0.0
14.6195	0.0
14.6226	0.0
14.6257	0.0
14.6288	0.0
14.6319	0.0
14.635	0.0
14.6381	0.0
14.6412	0.0
14.6442	0.0
14.6473	0.0
14.6504	0.0
14.6535	0.0
14.6566	0.0
14.6597	0.0
14.6628	0.0
14.6659	0.0
14.669	0.0
14.6721	0.0
14.6752	0.0
14.6783	0.0
14.6813	0.0
14.6844	0.0
14.6875	0.0
14.6906	0.0
14.6937	0.0
14.6968	0.0
14.6999	0.0
14.703	0.0
14.7061	0.0
14.7092	0.0
14.7123	0.0
14.7154	0.0
14.7185	0.0
14.7215	0.0
14.7246	0.0
14.7277	0.0
14.7308	0.0
14.7339	0.0
14.737	0.0
14.7401	0.0
14.7432	0.0
14.7463	0.0
14.7494	0.0
14.7525	0.0
14.7556	0.0
14.7587	0.0
14.7617	0.0
14.7648	0.0
14.7679	0.0
14.771	0.0
14.7741	0.0
14.7772	0.0
14.7803	0.0
14.7834	0.0
14.7865	0.0
14.7896	0.0
14.7927	0.0
14.7958	0.0
14.7988	0.0
14.8019	0.0
14.805	0.0
14.8081	0.0
14.8112	0.0
14.8143	0.0
14.8174	0.0
14.8205	0.0
14.8236	0.0
14.8267	0.0
14.8298	0.0
14.8329	0.0
14.836	0.0
14.839	0.0
14.8421	0.0
14.8452	0.0
14.8483	0.0
14.8514	0.0
14.8545	0.0
14.8576	0.0
14.8607	0.0
14.8638	0.0
14.8669	0.0
14.87	0.0
14.8731	0.0
14.8762	0.0
14.8792	0.0
14.8823	0.0
14.8854	0.0
14.8885	0.0
14.8916	0.0
14.8947	0.0
14.8978	0.0
14.9009	0.0
14.904	0.0
14.9071	0.0
14.9102	0.0
14.9133	0.0
14.9163	0.0
14.9194	0.0
14.9225	0.0
14.9256	0.0
14.9287	0.0
14.9318	0.0
14.9349	0.0
14.938	0.0
14.9411	0.0
14.9442	0.0
14.9473	0.0
14.9504	0.0
14.9535	0.0
14.9565	0.0
14.9596	0.0
14.9627	0.0
14.9658	0.0
14.9689	0.0
14.972	0.0
14.9751	0.0
14.9782	0.0
14.9813	0.0
14.9844	0.0
14.9875	0.0
14.9906	0.0
14.9937	0.0
14.9967	0.0
14.9998	0.0
15.0029	0.0
15.006	0.0
15.0091	0.0
15.0122	0.0
15.0153	0.0
15.0184	0.0
15.0215	0.0
15.0246	0.0
15.0277	0.0
15.0308	0.0
15.0338	0.0
15.0369	0.0
15.04	0.0
15.0431	0.0
15.0462	0.0
15.0493	0.0
15.0524	0.0
15.0555	0.0
15.0586	0.0
15.0617	0.0
15.0648	0.0
15.0679	0.0
15.071	0.0
15.074	0.0
15.0771	0.0
15.0802	0.0
15.0833	0.0
15.0864	0.0
15.0895	0.0
15.0926	0.0
15.0957	0.0
15.0988	0.0
15.1019	0.0
15.105	0.0
15.1081	0.0
15.1112	0.0
15.1142	0.0
15.1173	0.0
15.1204	0.0
15.1235	0.0
15.1266	0.0
15.1297	0.0
15.1328	0.0
15.1359	0.0
15.139	0.0
15.1421	0.0
15.1452	0.0
15.1483	0.0
15.1513	0.0
15.1544	0.0
15.1575	0.0
15.1606	0.0
15.1637	0.0
15.1668	0.0
15.1699	0.0
15.173	0.0
15.1761	0.0
15.1792	0.0
15.1823	0.0
15.1854	0.0
15.1885	0.0
15.1915	0.0
15.1946	0.0
15.1977	0.0
15.2008	0.0
15.2039	0.0
15.207	0.0
15.2101	0.0
15.2132	0.0
15.2163	0.0
15.2194	0.0
15.2225	0.0
15.2256	0.0
15.2287	0.0
15.2317	0.0
15.2348	0.0
15.2379	0.0
15.241	0.0
15.2441	0.0
15.2472	0.0
15.2503	0.0
15.2534	0.0
15.2565	0.0
15.2596	0.0
15.2627	0.0
15.2658	0.0
15.2688	0.0
15.2719	0.0
15.275	0.0
15.2781	0.0
15.2812	0.0
15.2843	0.0
15.2874	0.0
15.2905	0.0
15.2936	0.0
15.2967	0.0
15.2998	0.0
15.3029	0.0
15.306	0.0
15.309	0.0
15.3121	0.0
15.3152	0.0
15.3183	0.0
15.3214	0.0
15.3245	0.0
15.3276	0.0
15.3307	0.0
15.3338	0.0
15.3369	0.0
15.34	0.0
15.3431	0.0
15.3462	0.0
15.3492	0.0
15.3523	0.0
15.3554	0.0
15.3585	0.0
15.3616	0.0
15.3647	0.0
15.3678	0.0
15.3709	0.0
15.374	0.0
15.3771	0.0
15.3802	0.0
15.3833	0.0
15.3863	0.0
15.3894	0.0
15.3925	0.0
15.3956	0.0
15.3987	0.0
15.4018	0.0
15.4049	0.0
15.408	0.0
15.4111	0.0
15.4142	0.0
15.4173	0.0
15.4204	0.0
15.4235	0.0
15.4265	0.0
15.4296	0.0
15.4327	0.0
15.4358	0.0
15.4389	0.0
15.442	0.0
15.4451	0.0
15.4482	0.0
15.4513	0.0
15.4544	0.0
15.4575	0.0
15.4606	0.0
15.4637	0.0
15.4667	0.0
15.4698	0.0
15.4729	0.0
15.476	0.0
15.4791	0.0
15.4822	0.0
15.4853	0.0
15.4884	0.0
15.4915	0.0
15.4946	0.0
15.4977	0.0
15.5008	0.0
15.5038	0.0
15.5069	0.0
15.51	0.0
15.5131	0.0
15.5162	0.0
15.5193	0.0
15.5224	0.0
15.5255	0.0
15.5286	0.0
15.5317	0.0
15.5348	0.0
15.5379	0.0
15.541	0.0
15.544	0.0
15.5471	0.0
15.5502	0.0
15.5533	0.0
15.5564	0.0
15.5595	0.0
15.5626	0.0
15.5657	0.0
15.5688	0.0
15.5719	0.0
15.575	0.0
15.5781	0.0
15.5812	0.0
15.5842	0.0
15.5873	0.0
15.5904	0.0
15.5935	0.0
15.5966	0.0
15.5997	0.0
15.6028	0.0
15.6059	0.0
15.609	0.0
15.6121	0.0
15.6152	0.0
15.6183	0.0
15.6213	0.0
15.6244	0.0
15.6275	0.0
15.6306	0.0
15.6337	0.0
15.6368	0.0
15.6399	0.0
15.643	0.0
15.6461	0.0
15.6492	0.0
15.6523	0.0
15.6554	0.0
15.6585	0.0
15.6615	0.0
15.6646	0.0
15.6677	0.0
15.6708	0.0
15.6739	0.0
15.677	0.0
15.6801	0.0
15.6832	0.0
15.6863	0.0
15.6894	0.0
15.6925	0.0
15.6956	0.0
15.6987	0.0
15.7017	0.0
15.7048	0.0
15.7079	0.0
15.711	0.0
15.7141	0.0
15.7172	0.0
15.7203	0.0
15.7234	0.0
15.7265	0.0
15.7296	0.0
15.7327	0.0
15.7358	0.0
15.7389	0.0
15.7419	0.0
15.745	0.0
15.7481	0.0
15.7512	0.0
15.7543	0.0
15.7574	0.0
15.7605	0.0
15.7636	0.0
15.7667	0.0
15.7698	0.0
15.7729	0.0
15.776	0.0
15.779	0.0
15.7821	0.0
15.7852	0.0
15.7883	0.0
15.7914	0.0
15.7945	0.0
15.7976	0.0
15.8007	0.0
15.8038	0.0
15.8069	0.0
15.81	0.0
15.8131	0.0
15.8162	0.0
15.8192	0.0
15.8223	0.0
15.8254	0.0
15.8285	0.0
15.8316	0.0
15.8347	0.0
15.8378	0.0
15.8409	0.0
15.844	0.0
15.8471	0.0
15.8502	0.0
15.8533	0.0
15.8564	0.0
15.8594	0.0
15.8625	0.0
15.8656	0.0
15.8687	0.0
15.8718	0.0
15.8749	0.0
15.878	0.0
15.8811	0.0
15.8842	0.0
15.8873	0.0
15.8904	0.0
15.8935	0.0
15.8965	0.0
15.8996	0.0
15.9027	0.0
15.9058	0.0
15.9089	0.0
15.912	0.0
15.9151	0.0
15.9182	0.0
15.9213	0.0
15.9244	0.0
15.9275	0.0
15.9306	0.0
15.9337	0.0
15.9367	0.0
15.9398	0.0
15.9429	0.0
15.946	0.0
15.9491	0.0
15.9522	0.0
15.9553	0.0
15.9584	0.0
15.9615	0.0
15.9646	0.0
15.9677	0.0
15.9708	0.0
15.9739	0.0
15.9769	0.0
15.98	0.0
15.9831	0.0
15.9862	0.0
15.9893	0.0
15.9924	0.0
15.9955	0.0
15.9986	0.0
16.0017	0.0
16.0048	0.0
16.0079	0.0
16.011	0.0
16.014	0.0
16.0171	0.0
16.0202	0.0
16.0233	0.0
16.0264	0.0
16.0295	0.0
16.0326	0.0
16.0357	0.0
16.0388	0.0
16.0419	0.0
16.045	0.0
16.0481	0.0
16.0512	0.0
16.0542	0.0
16.0573	0.0
16.0604	0.0
16.0635	0.0
16.0666	0.0
16.0697	0.0
16.0728	0.0
16.0759	0.0
16.079	0.0
16.0821	0.0
16.0852	0.0
16.0883	0.0
16.0914	0.0
16.0944	0.0
16.0975	0.0
16.1006	0.0
16.1037	0.0
16.1068	0.0
16.1099	0.0
16.113	0.0
16.1161	0.0
16.1192	0.0
16.1223	0.0
16.1254	0.0
16.1285	0.0
16.1315	0.0
16.1346	0.0
16.1377	0.0
16.1408	0.0
16.1439	0.0
16.147	0.0
16.1501	0.0
16.1532	0.0
16.1563	0.0
16.1594	0.0
16.1625	0.0
16.1656	0.0
16.1687	0.0
16.1717	0.0
16.1748	0.0
16.1779	0.0
16.181	0.0
16.1841	0.0
16.1872	0.0
16.1903	0.0
16.1934	0.0
16.1965	0.0
16.1996	0.0
16.2027	0.0
16.2058	0.0
16.2089	0.0
16.2119	0.0
16.215	0.0
16.2181	0.0
16.2212	0.0
16.2243	0.0
16.2274	0.0
16.2305	0.0
16.2336	0.0
16.2367	0.0
16.2398	0.0
16.2429	0.0
16.246	0.0
16.249	0.0
16.2521	0.0
16.2552	0.0
16.2583	0.0
16.2614	0.0
16.2645	0.0
16.2676	0.0
16.2707	0.0
16.2738	0.0
16.2769	0.0
16.28	0.0
16.2831	0.0
16.2862	0.0
16.2892	0.0
16.2923	0.0
16.2954	0.0
16.2985	0.0
16.3016	0.0
16.3047	0.0
16.3078	0.0
16.3109	0.0
16.314	0.0
16.3171	0.0
16.3202	0.0
16.3233	0.0
16.3264	0.0
16.3294	0.0
16.3325	0.0
16.3356	0.0
16.3387	0.0
16.3418	0.0
16.3449	0.0
16.348	0.0
16.3511	0.0
16.3542	0.0
16.3573	0.0
16.3604	0.0
16.3635	0.0
16.3665	0.0
16.3696	0.0
16.3727	0.0
16.3758	0.0
16.3789	0.0
16.382	0.0
16.3851	0.0
16.3882	0.0
16.3913	0.0
16.3944	0.0
16.3975	0.0
16.4006	0.0
16.4037	0.0
16.4067	0.0
16.4098	0.0
16.4129	0.0
16.416	0.0
16.4191	0.0
16.4222	0.0
16.4253	0.0
16.4284	0.0
16.4315	0.0
16.4346	0.0
16.4377	0.0
16.4408	0.0
16.4439	0.0
16.4469	0.0
16.45	0.0
16.4531	0.0
16.4562	0.0
16.4593	0.0
16.4624	0.0
16.4655	0.0
16.4686	0.0
16.4717	0.0
16.4748	0.0
16.4779	0.0
16.481	0.0
16.484	0.0
16.4871	0.0
16.4902	0.0
16.4933	0.0
16.4964	0.0
16.4995	0.0
16.5026	0.0
16.5057	0.0
16.5088	0.0
16.5119	0.0
16.515	0.0
16.5181	0.0
16.5212	0.0
16.5242	0.0
16.5273	0.0
16.5304	0.0
16.5335	0.0
16.5366	0.0
16.5397	0.0
16.5428	0.0
16.5459	0.0
16.549	0.0
16.5521	0.0
16.5552	0.0
16.5583	0.0
16.5614	0.0
16.5644	0.0
16.5675	0.0
16.5706	0.0
16.5737	0.0
16.5768	0.0
16.5799	0.0
16.583	0.0
16.5861	0.0
16.5892	0.0
16.5923	0.0
16.5954	0.0
16.5985	0.0
16.6015	0.0
16.6046	0.0
16.6077	0.0
16.6108	0.0
16.6139	0.0
16.617	0.0
16.6201	0.0
16.6232	0.0
16.6263	0.0
16.6294	0.0
16.6325	0.0
16.6356	0.0
16.6387	0.0
16.6417	0.0
16.6448	0.0
16.6479	0.0
16.651	0.0
16.6541	0.0
16.6572	0.0
16.6603	0.0
16.6634	0.0
16.6665	0.0
16.6696	0.0
16.6727	0.0
16.6758	0.0
16.6789	0.0
16.6819	0.0
16.685	0.0
16.6881	0.0
16.6912	0.0
16.6943	0.0
16.6974	0.0
16.7005	0.0
16.7036	0.0
16.7067	0.0
16.7098	0.0
16.7129	0.0
16.716	0.0
16.719	0.0
16.7221	0.0
16.7252	0.0
16.7283	0.0
16.7314	0.0
16.7345	0.0
16.7376	0.0
16.7407	0.0
16.7438	0.0
16.7469	0.0
16.75	0.0
16.7531	0.0
16.7562	0.0
16.7592	0.0
16.7623	0.0
16.7654	0.0
16.7685	0.0
16.7716	0.0
16.7747	0.0
16.7778	0.0
16.7809	0.0
16.784	0.0
16.7871	0.0
16.7902	0.0
16.7933	0.0
16.7964	0.0
16.7994	0.0
16.8025	0.0
16.8056	0.0
16.8087	0.0
16.8118	0.0
16.8149	0.0
16.818	0.0
16.8211	0.0
16.8242	0.0
16.8273	0.0
16.8304	0.0
16.8335	0.0
16.8365	0.0
16.8396	0.0
16.8427	0.0
16.8458	0.0
16.8489	0.0
16.852	0.0
16.8551	0.0
16.8582	0.0
16.8613	0.0
16.8644	0.0
16.8675	0.0
16.8706	0.0
16.8737	0.0
16.8767	0.0
16.8798	0.0
16.8829	0.0
16.886	0.0
16.8891	0.0
16.8922	0.0
16.8953	0.0
16.8984	0.0
16.9015	0.0
16.9046	0.0
16.9077	0.0
16.9108	0.0
16.9139	0.0
16.9169	0.0
16.92	0.0
16.9231	0.0
16.9262	0.0
16.9293	0.0
16.9324	0.0
16.9355	0.0
16.9386	0.0
16.9417	0.0
16.9448	0.0
16.9479	0.0
16.951	0.0
16.9541	0.0
16.9571	0.0
16.9602	0.0
16.9633	0.0
16.9664	0.0
16.9695	0.0
16.9726	0.0
16.9757	0.0
16.9788	0.0
16.9819	0.0
16.985	0.0
16.9881	0.0
16.9912	0.0
16.9942	0.0
16.9973	0.0
17.0004	0.0
17.0035	0.0
17.0066	0.0
17.0097	0.0
17.0128	0.0
17.0159	0.0
17.019	0.0
17.0221	0.0
17.0252	0.0
17.0283	0.0
17.0314	0.0
17.0344	0.0
17.0375	0.0
17.0406	0.0
17.0437	0.0
17.0468	0.0
17.0499	0.0
17.053	0.0
17.0561	0.0
17.0592	0.0
17.0623	0.0
17.0654	0.0
17.0685	0.0
17.0716	0.0
17.0746	0.0
17.0777	0.0
17.0808	0.0
17.0839	0.0
17.087	0.0
17.0901	0.0
17.0932	0.0
17.0963	0.0
17.0994	0.0
17.1025	0.0
17.1056	0.0
17.1087	0.0
17.1117	0.0
17.1148	0.0
17.1179	0.0
17.121	0.0
17.1241	0.0
17.1272	0.0
17.1303	0.0
17.1334	0.0
17.1365	0.0
17.1396	0.0
17.1427	0.0
17.1458	0.0
17.1489	0.0
17.1519	0.0
17.155	0.0
17.1581	0.0
17.1612	0.0
17.1643	0.0
17.1674	0.0
17.1705	0.0
17.1736	0.0
17.1767	0.0
17.1798	0.0
17.1829	0.0
17.186	0.0
17.1891	0.0
17.1921	0.0
17.1952	0.0
17.1983	0.0
17.2014	0.0
17.2045	0.0
17.2076	0.0
17.2107	0.0
17.2138	0.0
17.2169	0.0
17.22	0.0
17.2231	0.0
17.2262	0.0
17.2292	0.0
17.2323	0.0
17.2354	0.0
17.2385	0.0
17.2416	0.0
17.2447	0.0
17.2478	0.0
17.2509	0.0
17.254	0.0
17.2571	0.0
17.2602	0.0
17.2633	0.0
17.2664	0.0
17.2694	0.0
17.2725	0.0
17.2756	0.0
17.2787	0.0
17.2818	0.0
17.2849	0.0
17.288	0.0
17.2911	0.0
17.2942	0.0
17.2973	0.0
17.3004	0.0
17.3035	0.0
17.3066	0.0
17.3096	0.0
17.3127	0.0
17.3158	0.0
17.3189	0.0
17.322	0.0
17.3251	0.0
17.3282	0.0
17.3313	0.0
17.3344	0.0
17.3375	0.0
17.3406	0.0
17.3437	0.0
17.3467	0.0
17.3498	0.0
17.3529	0.0
17.356	0.0
17.3591	0.0
17.3622	0.0
17.3653	0.0
17.3684	0.0
17.3715	0.0
17.3746	0.0
17.3777	0.0
17.3808	0.0
17.3839	0.0
17.3869	0.0
17.39	0.0
17.3931	0.0
17.3962	0.0
17.3993	0.0
17.4024	0.0
17.4055	0.0
17.4086	0.0
17.4117	0.0
17.4148	0.0
17.4179	0.0
17.421	0.0
17.4241	0.0
17.4271	0.0
17.4302	0.0
17.4333	0.0
17.4364	0.0
17.4395	0.0
17.4426	0.0
17.4457	0.0
17.4488	0.0
17.4519	0.0
17.455	0.0
17.4581	0.0
17.4612	0.0
17.4642	0.0
